{
  "@context": "https://w3id.org/ro/crate/1.1/context",
  "@graph": [
    {
      "@id": "ro-crate-metadata.json",
      "@type": "CreativeWork",
      "about": {
        "@id": "./"
      },
      "conformsTo": [
        {
          "@id": "https://w3id.org/ro/crate/1.1"
        },
        {
          "@id": "https://about.workflowhub.eu/Workflow-RO-Crate/"
        }
      ]
    },
    {
      "@id": "./",
      "@type": "Dataset",
      "datePublished": "2023-11-28T00:52:00.321+00:00",
      "mainEntity": {
        "@id": "main_workflow.ga"
      }
    },
    {
      "@id": "main_workflow.ga",
      "@type": [
        "File",
        "SoftwareSourceCode",
        "ComputationalWorkflow"
      ],
      "author": [
        {
          "@id": "#7b59a85f-b94c-4679-b6f9-a961ea8f2af5"
        },
        {
          "@id": "#d72e7407-1bfc-422a-a9cf-b77ef49bdc78"
        },
        {
          "@id": "#164feaae-ac94-433b-8ff6-c096647c536c"
        },
        {
          "@id": "#b85782f2-c6e9-4cd6-8f53-d4d55fd46692"
        }
      ],
      "license": {
        "@id": "https://spdx.org/licenses/GPL-3.0-or-later"
      },
      "name": "Genome Assembly using PacBio data",
      "version": 4,
      "programmingLanguage": {
        "@id": "https://w3id.org/workflowhub/workflow-ro-crate#galaxy"
      }
    },
    {
      "@id": "https://spdx.org/licenses/GPL-3.0-or-later",
      "@type": "CreativeWork",
      "name": "GPL-3.0-or-later"
    },
    {
      "@id": "https://w3id.org/workflowhub/workflow-ro-crate#galaxy",
      "@type": "ComputerLanguage",
      "identifier": {
        "@id": "https://galaxyproject.org/"
      },
      "name": "Galaxy",
      "url": {
        "@id": "https://galaxyproject.org/"
      },
      "version": "23.1"
    },
    {
      "@id": "#7b59a85f-b94c-4679-b6f9-a961ea8f2af5",
      "@type": "Person",
      "name": "Erwan Corre"
    },
    {
      "@id": "#d72e7407-1bfc-422a-a9cf-b77ef49bdc78",
      "@type": "Person",
      "name": "Stéphanie Robin"
    },
    {
      "@id": "#164feaae-ac94-433b-8ff6-c096647c536c",
      "@type": "Person",
      "name": "Anthony Bretaudeau"
    },
    {
      "@id": "#b85782f2-c6e9-4cd6-8f53-d4d55fd46692",
      "@type": "Person",
      "name": "Alexandre Cormier"
    }
  ]
}