{
  "@context": "https://w3id.org/ro/crate/1.1/context",
  "@graph": [
    {
      "@id": "ro-crate-metadata.json",
      "@type": "CreativeWork",
      "about": {
        "@id": "./"
      },
      "conformsTo": [
        {
          "@id": "https://w3id.org/ro/crate/1.1"
        },
        {
          "@id": "https://about.workflowhub.eu/Workflow-RO-Crate/"
        }
      ]
    },
    {
      "@id": "./",
      "@type": "Dataset",
      "datePublished": "2023-11-22T00:52:48.711+00:00",
      "mainEntity": {
        "@id": "main_workflow.ga"
      }
    },
    {
      "@id": "main_workflow.ga",
      "@type": [
        "File",
        "SoftwareSourceCode",
        "ComputationalWorkflow"
      ],
      "author": [
        {
          "@id": "#e6aa7722-c08e-4871-ab5e-1d76a4a14cb0"
        },
        {
          "@id": "#6698f15a-33c0-409b-9cda-6aa4b38dd177"
        },
        {
          "@id": "#f129f9e6-ecfe-4fb6-b1dd-1cf51d6cc096"
        },
        {
          "@id": "#fb73c1d2-9f20-467e-bdee-9480b11cc2f9"
        }
      ],
      "license": {
        "@id": "https://spdx.org/licenses/GPL-3.0-or-later"
      },
      "name": "Genome Assembly using PacBio data",
      "version": 4,
      "programmingLanguage": {
        "@id": "https://w3id.org/workflowhub/workflow-ro-crate#galaxy"
      }
    },
    {
      "@id": "https://spdx.org/licenses/GPL-3.0-or-later",
      "@type": "CreativeWork",
      "name": "GPL-3.0-or-later"
    },
    {
      "@id": "https://w3id.org/workflowhub/workflow-ro-crate#galaxy",
      "@type": "ComputerLanguage",
      "identifier": {
        "@id": "https://galaxyproject.org/"
      },
      "name": "Galaxy",
      "url": {
        "@id": "https://galaxyproject.org/"
      },
      "version": "23.1"
    },
    {
      "@id": "#e6aa7722-c08e-4871-ab5e-1d76a4a14cb0",
      "@type": "Person",
      "name": "Erwan Corre"
    },
    {
      "@id": "#6698f15a-33c0-409b-9cda-6aa4b38dd177",
      "@type": "Person",
      "name": "Stéphanie Robin"
    },
    {
      "@id": "#f129f9e6-ecfe-4fb6-b1dd-1cf51d6cc096",
      "@type": "Person",
      "name": "Anthony Bretaudeau"
    },
    {
      "@id": "#fb73c1d2-9f20-467e-bdee-9480b11cc2f9",
      "@type": "Person",
      "name": "Alexandre Cormier"
    }
  ]
}