{
  "@context": "https://w3id.org/ro/crate/1.1/context",
  "@graph": [
    {
      "@id": "ro-crate-metadata.json",
      "@type": "CreativeWork",
      "about": {
        "@id": "./"
      },
      "conformsTo": [
        {
          "@id": "https://w3id.org/ro/crate/1.1"
        },
        {
          "@id": "https://about.workflowhub.eu/Workflow-RO-Crate/"
        }
      ]
    },
    {
      "@id": "./",
      "@type": "Dataset",
      "datePublished": "2023-12-02T00:49:54.772+00:00",
      "mainEntity": {
        "@id": "main_workflow.ga"
      }
    },
    {
      "@id": "main_workflow.ga",
      "@type": [
        "File",
        "SoftwareSourceCode",
        "ComputationalWorkflow"
      ],
      "author": [
        {
          "@id": "#79f18374-9187-432f-bf9f-4e59b5fc5084"
        },
        {
          "@id": "#84a17d0e-636c-4111-82a3-eee7368c6dd7"
        },
        {
          "@id": "#db1c6595-c21a-4d65-82aa-a3258d2d53a2"
        },
        {
          "@id": "#1b0b3b73-3d4e-4bdb-9b9b-db7626ed98fc"
        }
      ],
      "license": {
        "@id": "https://spdx.org/licenses/GPL-3.0-or-later"
      },
      "name": "Genome Assembly using PacBio data",
      "version": 4,
      "programmingLanguage": {
        "@id": "https://w3id.org/workflowhub/workflow-ro-crate#galaxy"
      }
    },
    {
      "@id": "https://spdx.org/licenses/GPL-3.0-or-later",
      "@type": "CreativeWork",
      "name": "GPL-3.0-or-later"
    },
    {
      "@id": "https://w3id.org/workflowhub/workflow-ro-crate#galaxy",
      "@type": "ComputerLanguage",
      "identifier": {
        "@id": "https://galaxyproject.org/"
      },
      "name": "Galaxy",
      "url": {
        "@id": "https://galaxyproject.org/"
      },
      "version": "23.1"
    },
    {
      "@id": "#79f18374-9187-432f-bf9f-4e59b5fc5084",
      "@type": "Person",
      "name": "Erwan Corre"
    },
    {
      "@id": "#84a17d0e-636c-4111-82a3-eee7368c6dd7",
      "@type": "Person",
      "name": "Stéphanie Robin"
    },
    {
      "@id": "#db1c6595-c21a-4d65-82aa-a3258d2d53a2",
      "@type": "Person",
      "name": "Anthony Bretaudeau"
    },
    {
      "@id": "#1b0b3b73-3d4e-4bdb-9b9b-db7626ed98fc",
      "@type": "Person",
      "name": "Alexandre Cormier"
    }
  ]
}