{
  "@context": "https://w3id.org/ro/crate/1.1/context",
  "@graph": [
    {
      "@id": "ro-crate-metadata.json",
      "@type": "CreativeWork",
      "about": {
        "@id": "./"
      },
      "conformsTo": [
        {
          "@id": "https://w3id.org/ro/crate/1.1"
        },
        {
          "@id": "https://about.workflowhub.eu/Workflow-RO-Crate/"
        }
      ]
    },
    {
      "@id": "./",
      "@type": "Dataset",
      "datePublished": "2023-11-23T00:50:20.108+00:00",
      "mainEntity": {
        "@id": "main_workflow.ga"
      }
    },
    {
      "@id": "main_workflow.ga",
      "@type": [
        "File",
        "SoftwareSourceCode",
        "ComputationalWorkflow"
      ],
      "author": [
        {
          "@id": "#a8881d6c-339c-4917-80da-95499688b917"
        },
        {
          "@id": "#967066e7-243e-4742-842f-5b3d8af328ae"
        },
        {
          "@id": "#b01b4a5e-0a53-4db6-958b-6ef1af6d2437"
        },
        {
          "@id": "#5a72773a-52c0-4dd2-b31c-8c185c2643da"
        }
      ],
      "license": {
        "@id": "https://spdx.org/licenses/GPL-3.0-or-later"
      },
      "name": "Genome Assembly using PacBio data",
      "version": 4,
      "programmingLanguage": {
        "@id": "https://w3id.org/workflowhub/workflow-ro-crate#galaxy"
      }
    },
    {
      "@id": "https://spdx.org/licenses/GPL-3.0-or-later",
      "@type": "CreativeWork",
      "name": "GPL-3.0-or-later"
    },
    {
      "@id": "https://w3id.org/workflowhub/workflow-ro-crate#galaxy",
      "@type": "ComputerLanguage",
      "identifier": {
        "@id": "https://galaxyproject.org/"
      },
      "name": "Galaxy",
      "url": {
        "@id": "https://galaxyproject.org/"
      },
      "version": "23.1"
    },
    {
      "@id": "#a8881d6c-339c-4917-80da-95499688b917",
      "@type": "Person",
      "name": "Erwan Corre"
    },
    {
      "@id": "#967066e7-243e-4742-842f-5b3d8af328ae",
      "@type": "Person",
      "name": "Stéphanie Robin"
    },
    {
      "@id": "#b01b4a5e-0a53-4db6-958b-6ef1af6d2437",
      "@type": "Person",
      "name": "Anthony Bretaudeau"
    },
    {
      "@id": "#5a72773a-52c0-4dd2-b31c-8c185c2643da",
      "@type": "Person",
      "name": "Alexandre Cormier"
    }
  ]
}