{
  "@context": "https://w3id.org/ro/crate/1.1/context",
  "@graph": [
    {
      "@id": "ro-crate-metadata.json",
      "@type": "CreativeWork",
      "about": {
        "@id": "./"
      },
      "conformsTo": [
        {
          "@id": "https://w3id.org/ro/crate/1.1"
        },
        {
          "@id": "https://about.workflowhub.eu/Workflow-RO-Crate/"
        }
      ]
    },
    {
      "@id": "./",
      "@type": "Dataset",
      "datePublished": "2023-12-04T00:51:41.021+00:00",
      "mainEntity": {
        "@id": "main_workflow.ga"
      }
    },
    {
      "@id": "main_workflow.ga",
      "@type": [
        "File",
        "SoftwareSourceCode",
        "ComputationalWorkflow"
      ],
      "author": [
        {
          "@id": "#3ba6c6a9-c81d-43c6-8700-31d911d263e4"
        },
        {
          "@id": "#5b2f9486-0e50-4146-a11d-3d6e8115c92d"
        },
        {
          "@id": "#01f5fd33-060b-404f-8b4c-1a40bad3a1cf"
        },
        {
          "@id": "#58800bec-1f8e-4b4b-a261-843faa393e6a"
        }
      ],
      "license": {
        "@id": "https://spdx.org/licenses/GPL-3.0-or-later"
      },
      "name": "Genome Assembly using PacBio data",
      "version": 4,
      "programmingLanguage": {
        "@id": "https://w3id.org/workflowhub/workflow-ro-crate#galaxy"
      }
    },
    {
      "@id": "https://spdx.org/licenses/GPL-3.0-or-later",
      "@type": "CreativeWork",
      "name": "GPL-3.0-or-later"
    },
    {
      "@id": "https://w3id.org/workflowhub/workflow-ro-crate#galaxy",
      "@type": "ComputerLanguage",
      "identifier": {
        "@id": "https://galaxyproject.org/"
      },
      "name": "Galaxy",
      "url": {
        "@id": "https://galaxyproject.org/"
      },
      "version": "23.1"
    },
    {
      "@id": "#3ba6c6a9-c81d-43c6-8700-31d911d263e4",
      "@type": "Person",
      "name": "Erwan Corre"
    },
    {
      "@id": "#5b2f9486-0e50-4146-a11d-3d6e8115c92d",
      "@type": "Person",
      "name": "Stéphanie Robin"
    },
    {
      "@id": "#01f5fd33-060b-404f-8b4c-1a40bad3a1cf",
      "@type": "Person",
      "name": "Anthony Bretaudeau"
    },
    {
      "@id": "#58800bec-1f8e-4b4b-a261-843faa393e6a",
      "@type": "Person",
      "name": "Alexandre Cormier"
    }
  ]
}