{
  "@context": "https://w3id.org/ro/crate/1.1/context",
  "@graph": [
    {
      "@id": "ro-crate-metadata.json",
      "@type": "CreativeWork",
      "about": {
        "@id": "./"
      },
      "conformsTo": [
        {
          "@id": "https://w3id.org/ro/crate/1.1"
        },
        {
          "@id": "https://about.workflowhub.eu/Workflow-RO-Crate/"
        }
      ]
    },
    {
      "@id": "./",
      "@type": "Dataset",
      "datePublished": "2023-11-20T00:51:32.153+00:00",
      "mainEntity": {
        "@id": "main_workflow.ga"
      }
    },
    {
      "@id": "main_workflow.ga",
      "@type": [
        "File",
        "SoftwareSourceCode",
        "ComputationalWorkflow"
      ],
      "author": [
        {
          "@id": "#9228998d-87ab-412d-9864-e08050a8deab"
        },
        {
          "@id": "#b96584be-dd93-40f7-a76e-bcbb8c7afad7"
        },
        {
          "@id": "#c5a9476a-2172-4585-8f46-64eb33ac8fae"
        },
        {
          "@id": "#13de048f-af24-415b-8dc8-6cf80cb84676"
        }
      ],
      "license": {
        "@id": "https://spdx.org/licenses/GPL-3.0-or-later"
      },
      "name": "Genome Assembly using PacBio data",
      "version": 4,
      "programmingLanguage": {
        "@id": "https://w3id.org/workflowhub/workflow-ro-crate#galaxy"
      }
    },
    {
      "@id": "https://spdx.org/licenses/GPL-3.0-or-later",
      "@type": "CreativeWork",
      "name": "GPL-3.0-or-later"
    },
    {
      "@id": "https://w3id.org/workflowhub/workflow-ro-crate#galaxy",
      "@type": "ComputerLanguage",
      "identifier": {
        "@id": "https://galaxyproject.org/"
      },
      "name": "Galaxy",
      "url": {
        "@id": "https://galaxyproject.org/"
      },
      "version": "23.1"
    },
    {
      "@id": "#9228998d-87ab-412d-9864-e08050a8deab",
      "@type": "Person",
      "name": "Erwan Corre"
    },
    {
      "@id": "#b96584be-dd93-40f7-a76e-bcbb8c7afad7",
      "@type": "Person",
      "name": "Stéphanie Robin"
    },
    {
      "@id": "#c5a9476a-2172-4585-8f46-64eb33ac8fae",
      "@type": "Person",
      "name": "Anthony Bretaudeau"
    },
    {
      "@id": "#13de048f-af24-415b-8dc8-6cf80cb84676",
      "@type": "Person",
      "name": "Alexandre Cormier"
    }
  ]
}