{
  "@context": "https://w3id.org/ro/crate/1.1/context",
  "@graph": [
    {
      "@id": "ro-crate-metadata.json",
      "@type": "CreativeWork",
      "about": {
        "@id": "./"
      },
      "conformsTo": [
        {
          "@id": "https://w3id.org/ro/crate/1.1"
        },
        {
          "@id": "https://about.workflowhub.eu/Workflow-RO-Crate/"
        }
      ]
    },
    {
      "@id": "./",
      "@type": "Dataset",
      "datePublished": "2023-12-01T00:55:26.135+00:00",
      "mainEntity": {
        "@id": "main_workflow.ga"
      }
    },
    {
      "@id": "main_workflow.ga",
      "@type": [
        "File",
        "SoftwareSourceCode",
        "ComputationalWorkflow"
      ],
      "author": [
        {
          "@id": "#f3d9c25a-e6a5-4f8c-8020-7402348f95b9"
        },
        {
          "@id": "#e396ece8-01be-4fe8-a4a4-b2bf14a65843"
        },
        {
          "@id": "#5408745b-bcc1-4ded-9918-a1fbbf1d44d4"
        },
        {
          "@id": "#788b46a2-6a63-411c-991d-88f57ea4efb5"
        }
      ],
      "license": {
        "@id": "https://spdx.org/licenses/GPL-3.0-or-later"
      },
      "name": "Genome Assembly using PacBio data",
      "version": 4,
      "programmingLanguage": {
        "@id": "https://w3id.org/workflowhub/workflow-ro-crate#galaxy"
      }
    },
    {
      "@id": "https://spdx.org/licenses/GPL-3.0-or-later",
      "@type": "CreativeWork",
      "name": "GPL-3.0-or-later"
    },
    {
      "@id": "https://w3id.org/workflowhub/workflow-ro-crate#galaxy",
      "@type": "ComputerLanguage",
      "identifier": {
        "@id": "https://galaxyproject.org/"
      },
      "name": "Galaxy",
      "url": {
        "@id": "https://galaxyproject.org/"
      },
      "version": "23.1"
    },
    {
      "@id": "#f3d9c25a-e6a5-4f8c-8020-7402348f95b9",
      "@type": "Person",
      "name": "Erwan Corre"
    },
    {
      "@id": "#e396ece8-01be-4fe8-a4a4-b2bf14a65843",
      "@type": "Person",
      "name": "Stéphanie Robin"
    },
    {
      "@id": "#5408745b-bcc1-4ded-9918-a1fbbf1d44d4",
      "@type": "Person",
      "name": "Anthony Bretaudeau"
    },
    {
      "@id": "#788b46a2-6a63-411c-991d-88f57ea4efb5",
      "@type": "Person",
      "name": "Alexandre Cormier"
    }
  ]
}