{
  "@context": "https://w3id.org/ro/crate/1.1/context",
  "@graph": [
    {
      "@id": "ro-crate-metadata.json",
      "@type": "CreativeWork",
      "about": {
        "@id": "./"
      },
      "conformsTo": [
        {
          "@id": "https://w3id.org/ro/crate/1.1"
        },
        {
          "@id": "https://about.workflowhub.eu/Workflow-RO-Crate/"
        }
      ]
    },
    {
      "@id": "./",
      "@type": "Dataset",
      "datePublished": "2023-11-18T00:49:15.308+00:00",
      "mainEntity": {
        "@id": "main_workflow.ga"
      }
    },
    {
      "@id": "main_workflow.ga",
      "@type": [
        "File",
        "SoftwareSourceCode",
        "ComputationalWorkflow"
      ],
      "author": [
        {
          "@id": "#2cd7b9d0-6ea8-48ef-939c-dca7f5cb5286"
        },
        {
          "@id": "#c2d54186-7d25-49db-9822-8ddf9316ac18"
        },
        {
          "@id": "#5372a998-d1c7-4555-b1d4-f3fc3bbf2e75"
        },
        {
          "@id": "#332e2c0c-2175-4f74-9e1f-7c5507ca6d95"
        }
      ],
      "license": {
        "@id": "https://spdx.org/licenses/GPL-3.0-or-later"
      },
      "name": "Genome Assembly using PacBio data",
      "version": 4,
      "programmingLanguage": {
        "@id": "https://w3id.org/workflowhub/workflow-ro-crate#galaxy"
      }
    },
    {
      "@id": "https://spdx.org/licenses/GPL-3.0-or-later",
      "@type": "CreativeWork",
      "name": "GPL-3.0-or-later"
    },
    {
      "@id": "https://w3id.org/workflowhub/workflow-ro-crate#galaxy",
      "@type": "ComputerLanguage",
      "identifier": {
        "@id": "https://galaxyproject.org/"
      },
      "name": "Galaxy",
      "url": {
        "@id": "https://galaxyproject.org/"
      },
      "version": "23.1"
    },
    {
      "@id": "#2cd7b9d0-6ea8-48ef-939c-dca7f5cb5286",
      "@type": "Person",
      "name": "Erwan Corre"
    },
    {
      "@id": "#c2d54186-7d25-49db-9822-8ddf9316ac18",
      "@type": "Person",
      "name": "Stéphanie Robin"
    },
    {
      "@id": "#5372a998-d1c7-4555-b1d4-f3fc3bbf2e75",
      "@type": "Person",
      "name": "Anthony Bretaudeau"
    },
    {
      "@id": "#332e2c0c-2175-4f74-9e1f-7c5507ca6d95",
      "@type": "Person",
      "name": "Alexandre Cormier"
    }
  ]
}