{
  "@context": "https://w3id.org/ro/crate/1.1/context",
  "@graph": [
    {
      "@id": "ro-crate-metadata.json",
      "@type": "CreativeWork",
      "about": {
        "@id": "./"
      },
      "conformsTo": [
        {
          "@id": "https://w3id.org/ro/crate/1.1"
        },
        {
          "@id": "https://about.workflowhub.eu/Workflow-RO-Crate/"
        }
      ]
    },
    {
      "@id": "./",
      "@type": "Dataset",
      "datePublished": "2023-12-03T00:53:45.193+00:00",
      "mainEntity": {
        "@id": "main_workflow.ga"
      }
    },
    {
      "@id": "main_workflow.ga",
      "@type": [
        "File",
        "SoftwareSourceCode",
        "ComputationalWorkflow"
      ],
      "author": [
        {
          "@id": "#9e48d2fa-4c06-43e3-9982-3df41eb9f498"
        },
        {
          "@id": "#a250a966-a5c6-49ee-9191-c8a417f435ba"
        },
        {
          "@id": "#b54df4b1-b193-4c58-b23f-ed84400c0179"
        },
        {
          "@id": "#804f85fa-0068-439b-8775-15018cc181ca"
        }
      ],
      "license": {
        "@id": "https://spdx.org/licenses/GPL-3.0-or-later"
      },
      "name": "Genome Assembly using PacBio data",
      "version": 4,
      "programmingLanguage": {
        "@id": "https://w3id.org/workflowhub/workflow-ro-crate#galaxy"
      }
    },
    {
      "@id": "https://spdx.org/licenses/GPL-3.0-or-later",
      "@type": "CreativeWork",
      "name": "GPL-3.0-or-later"
    },
    {
      "@id": "https://w3id.org/workflowhub/workflow-ro-crate#galaxy",
      "@type": "ComputerLanguage",
      "identifier": {
        "@id": "https://galaxyproject.org/"
      },
      "name": "Galaxy",
      "url": {
        "@id": "https://galaxyproject.org/"
      },
      "version": "23.1"
    },
    {
      "@id": "#9e48d2fa-4c06-43e3-9982-3df41eb9f498",
      "@type": "Person",
      "name": "Erwan Corre"
    },
    {
      "@id": "#a250a966-a5c6-49ee-9191-c8a417f435ba",
      "@type": "Person",
      "name": "Stéphanie Robin"
    },
    {
      "@id": "#b54df4b1-b193-4c58-b23f-ed84400c0179",
      "@type": "Person",
      "name": "Anthony Bretaudeau"
    },
    {
      "@id": "#804f85fa-0068-439b-8775-15018cc181ca",
      "@type": "Person",
      "name": "Alexandre Cormier"
    }
  ]
}