{
  "@context": "https://w3id.org/ro/crate/1.1/context",
  "@graph": [
    {
      "@id": "ro-crate-metadata.json",
      "@type": "CreativeWork",
      "about": {
        "@id": "./"
      },
      "conformsTo": [
        {
          "@id": "https://w3id.org/ro/crate/1.1"
        },
        {
          "@id": "https://about.workflowhub.eu/Workflow-RO-Crate/"
        }
      ]
    },
    {
      "@id": "./",
      "@type": "Dataset",
      "datePublished": "2023-12-05T00:51:52.242+00:00",
      "mainEntity": {
        "@id": "main_workflow.ga"
      }
    },
    {
      "@id": "main_workflow.ga",
      "@type": [
        "File",
        "SoftwareSourceCode",
        "ComputationalWorkflow"
      ],
      "author": [
        {
          "@id": "#1b0c76ab-ea2b-49dd-9649-7bc4b4584dd6"
        },
        {
          "@id": "#50f96c33-61ef-43a1-a6de-17afad4aa22a"
        },
        {
          "@id": "#2a1bdd60-6a99-4da2-b74f-6ba8d4d6b9a0"
        },
        {
          "@id": "#152564ac-9a8f-4f1c-a431-1c7bc280d754"
        }
      ],
      "license": {
        "@id": "https://spdx.org/licenses/GPL-3.0-or-later"
      },
      "name": "Genome Assembly using PacBio data",
      "version": 4,
      "programmingLanguage": {
        "@id": "https://w3id.org/workflowhub/workflow-ro-crate#galaxy"
      }
    },
    {
      "@id": "https://spdx.org/licenses/GPL-3.0-or-later",
      "@type": "CreativeWork",
      "name": "GPL-3.0-or-later"
    },
    {
      "@id": "https://w3id.org/workflowhub/workflow-ro-crate#galaxy",
      "@type": "ComputerLanguage",
      "identifier": {
        "@id": "https://galaxyproject.org/"
      },
      "name": "Galaxy",
      "url": {
        "@id": "https://galaxyproject.org/"
      },
      "version": "23.1"
    },
    {
      "@id": "#1b0c76ab-ea2b-49dd-9649-7bc4b4584dd6",
      "@type": "Person",
      "name": "Erwan Corre"
    },
    {
      "@id": "#50f96c33-61ef-43a1-a6de-17afad4aa22a",
      "@type": "Person",
      "name": "Stéphanie Robin"
    },
    {
      "@id": "#2a1bdd60-6a99-4da2-b74f-6ba8d4d6b9a0",
      "@type": "Person",
      "name": "Anthony Bretaudeau"
    },
    {
      "@id": "#152564ac-9a8f-4f1c-a431-1c7bc280d754",
      "@type": "Person",
      "name": "Alexandre Cormier"
    }
  ]
}