{
  "@context": "https://w3id.org/ro/crate/1.1/context",
  "@graph": [
    {
      "@id": "ro-crate-metadata.json",
      "@type": "CreativeWork",
      "about": {
        "@id": "./"
      },
      "conformsTo": [
        {
          "@id": "https://w3id.org/ro/crate/1.1"
        },
        {
          "@id": "https://about.workflowhub.eu/Workflow-RO-Crate/"
        }
      ]
    },
    {
      "@id": "./",
      "@type": "Dataset",
      "datePublished": "2023-11-27T00:52:13.343+00:00",
      "mainEntity": {
        "@id": "main_workflow.ga"
      }
    },
    {
      "@id": "main_workflow.ga",
      "@type": [
        "File",
        "SoftwareSourceCode",
        "ComputationalWorkflow"
      ],
      "author": [
        {
          "@id": "#0794c364-a840-46dd-b5cd-0d90ac1cbf2b"
        },
        {
          "@id": "#ec207de2-e73d-4d28-a6de-c7e608d77622"
        },
        {
          "@id": "#55f694bc-d57e-4e15-9907-6abeda561ed9"
        },
        {
          "@id": "#67c601ee-c9b9-400d-9082-3f778348affd"
        }
      ],
      "license": {
        "@id": "https://spdx.org/licenses/GPL-3.0-or-later"
      },
      "name": "Genome Assembly using PacBio data",
      "version": 4,
      "programmingLanguage": {
        "@id": "https://w3id.org/workflowhub/workflow-ro-crate#galaxy"
      }
    },
    {
      "@id": "https://spdx.org/licenses/GPL-3.0-or-later",
      "@type": "CreativeWork",
      "name": "GPL-3.0-or-later"
    },
    {
      "@id": "https://w3id.org/workflowhub/workflow-ro-crate#galaxy",
      "@type": "ComputerLanguage",
      "identifier": {
        "@id": "https://galaxyproject.org/"
      },
      "name": "Galaxy",
      "url": {
        "@id": "https://galaxyproject.org/"
      },
      "version": "23.1"
    },
    {
      "@id": "#0794c364-a840-46dd-b5cd-0d90ac1cbf2b",
      "@type": "Person",
      "name": "Erwan Corre"
    },
    {
      "@id": "#ec207de2-e73d-4d28-a6de-c7e608d77622",
      "@type": "Person",
      "name": "Stéphanie Robin"
    },
    {
      "@id": "#55f694bc-d57e-4e15-9907-6abeda561ed9",
      "@type": "Person",
      "name": "Anthony Bretaudeau"
    },
    {
      "@id": "#67c601ee-c9b9-400d-9082-3f778348affd",
      "@type": "Person",
      "name": "Alexandre Cormier"
    }
  ]
}