{
  "@context": "https://w3id.org/ro/crate/1.1/context",
  "@graph": [
    {
      "@id": "ro-crate-metadata.json",
      "@type": "CreativeWork",
      "about": {
        "@id": "./"
      },
      "conformsTo": [
        {
          "@id": "https://w3id.org/ro/crate/1.1"
        },
        {
          "@id": "https://about.workflowhub.eu/Workflow-RO-Crate/"
        }
      ]
    },
    {
      "@id": "./",
      "@type": "Dataset",
      "datePublished": "2023-11-21T00:51:46.145+00:00",
      "mainEntity": {
        "@id": "main_workflow.ga"
      }
    },
    {
      "@id": "main_workflow.ga",
      "@type": [
        "File",
        "SoftwareSourceCode",
        "ComputationalWorkflow"
      ],
      "author": [
        {
          "@id": "#db50809e-6110-4db1-bc1d-d73c0ace56d8"
        },
        {
          "@id": "#b877957b-dbd0-4903-a1eb-ae0e3dedfda4"
        },
        {
          "@id": "#3500db27-0f66-4254-bd21-f9fab05677f6"
        },
        {
          "@id": "#20d3fae7-80af-46c6-864b-f14a841ea408"
        }
      ],
      "license": {
        "@id": "https://spdx.org/licenses/GPL-3.0-or-later"
      },
      "name": "Genome Assembly using PacBio data",
      "version": 4,
      "programmingLanguage": {
        "@id": "https://w3id.org/workflowhub/workflow-ro-crate#galaxy"
      }
    },
    {
      "@id": "https://spdx.org/licenses/GPL-3.0-or-later",
      "@type": "CreativeWork",
      "name": "GPL-3.0-or-later"
    },
    {
      "@id": "https://w3id.org/workflowhub/workflow-ro-crate#galaxy",
      "@type": "ComputerLanguage",
      "identifier": {
        "@id": "https://galaxyproject.org/"
      },
      "name": "Galaxy",
      "url": {
        "@id": "https://galaxyproject.org/"
      },
      "version": "23.1"
    },
    {
      "@id": "#db50809e-6110-4db1-bc1d-d73c0ace56d8",
      "@type": "Person",
      "name": "Erwan Corre"
    },
    {
      "@id": "#b877957b-dbd0-4903-a1eb-ae0e3dedfda4",
      "@type": "Person",
      "name": "Stéphanie Robin"
    },
    {
      "@id": "#3500db27-0f66-4254-bd21-f9fab05677f6",
      "@type": "Person",
      "name": "Anthony Bretaudeau"
    },
    {
      "@id": "#20d3fae7-80af-46c6-864b-f14a841ea408",
      "@type": "Person",
      "name": "Alexandre Cormier"
    }
  ]
}