{
  "@context": "https://w3id.org/ro/crate/1.1/context",
  "@graph": [
    {
      "@id": "ro-crate-metadata.json",
      "@type": "CreativeWork",
      "about": {
        "@id": "./"
      },
      "conformsTo": [
        {
          "@id": "https://w3id.org/ro/crate/1.1"
        },
        {
          "@id": "https://about.workflowhub.eu/Workflow-RO-Crate/"
        }
      ]
    },
    {
      "@id": "./",
      "@type": "Dataset",
      "datePublished": "2023-11-24T00:48:53.278+00:00",
      "mainEntity": {
        "@id": "main_workflow.ga"
      }
    },
    {
      "@id": "main_workflow.ga",
      "@type": [
        "File",
        "SoftwareSourceCode",
        "ComputationalWorkflow"
      ],
      "author": [
        {
          "@id": "#541bcd01-cbcd-4c62-b7d6-9a5a34786596"
        },
        {
          "@id": "#58349c22-2072-497a-ae24-1c6ec6fc7f07"
        },
        {
          "@id": "#6b79aeb6-c744-4bd9-b348-cf79cbee864b"
        },
        {
          "@id": "#70b7ffb0-1268-4401-b3a9-cedad6c3445a"
        }
      ],
      "license": {
        "@id": "https://spdx.org/licenses/GPL-3.0-or-later"
      },
      "name": "Genome Assembly using PacBio data",
      "version": 4,
      "programmingLanguage": {
        "@id": "https://w3id.org/workflowhub/workflow-ro-crate#galaxy"
      }
    },
    {
      "@id": "https://spdx.org/licenses/GPL-3.0-or-later",
      "@type": "CreativeWork",
      "name": "GPL-3.0-or-later"
    },
    {
      "@id": "https://w3id.org/workflowhub/workflow-ro-crate#galaxy",
      "@type": "ComputerLanguage",
      "identifier": {
        "@id": "https://galaxyproject.org/"
      },
      "name": "Galaxy",
      "url": {
        "@id": "https://galaxyproject.org/"
      },
      "version": "23.1"
    },
    {
      "@id": "#541bcd01-cbcd-4c62-b7d6-9a5a34786596",
      "@type": "Person",
      "name": "Erwan Corre"
    },
    {
      "@id": "#58349c22-2072-497a-ae24-1c6ec6fc7f07",
      "@type": "Person",
      "name": "Stéphanie Robin"
    },
    {
      "@id": "#6b79aeb6-c744-4bd9-b348-cf79cbee864b",
      "@type": "Person",
      "name": "Anthony Bretaudeau"
    },
    {
      "@id": "#70b7ffb0-1268-4401-b3a9-cedad6c3445a",
      "@type": "Person",
      "name": "Alexandre Cormier"
    }
  ]
}