{
  "@context": "https://w3id.org/ro/crate/1.1/context",
  "@graph": [
    {
      "@id": "ro-crate-metadata.json",
      "@type": "CreativeWork",
      "about": {
        "@id": "./"
      },
      "conformsTo": [
        {
          "@id": "https://w3id.org/ro/crate/1.1"
        },
        {
          "@id": "https://about.workflowhub.eu/Workflow-RO-Crate/"
        }
      ]
    },
    {
      "@id": "./",
      "@type": "Dataset",
      "datePublished": "2023-11-29T00:51:05.276+00:00",
      "mainEntity": {
        "@id": "main_workflow.ga"
      }
    },
    {
      "@id": "main_workflow.ga",
      "@type": [
        "File",
        "SoftwareSourceCode",
        "ComputationalWorkflow"
      ],
      "author": [
        {
          "@id": "#b023de22-782d-4ea5-b637-4692e30ac3a5"
        },
        {
          "@id": "#67ca9d02-2568-4bc9-ae04-f6373f10554c"
        },
        {
          "@id": "#b357742c-6155-451e-bb83-b16553a19027"
        },
        {
          "@id": "#b9656583-6842-47e6-8a10-f111c79b36c6"
        }
      ],
      "license": {
        "@id": "https://spdx.org/licenses/GPL-3.0-or-later"
      },
      "name": "Genome Assembly using PacBio data",
      "version": 4,
      "programmingLanguage": {
        "@id": "https://w3id.org/workflowhub/workflow-ro-crate#galaxy"
      }
    },
    {
      "@id": "https://spdx.org/licenses/GPL-3.0-or-later",
      "@type": "CreativeWork",
      "name": "GPL-3.0-or-later"
    },
    {
      "@id": "https://w3id.org/workflowhub/workflow-ro-crate#galaxy",
      "@type": "ComputerLanguage",
      "identifier": {
        "@id": "https://galaxyproject.org/"
      },
      "name": "Galaxy",
      "url": {
        "@id": "https://galaxyproject.org/"
      },
      "version": "23.1"
    },
    {
      "@id": "#b023de22-782d-4ea5-b637-4692e30ac3a5",
      "@type": "Person",
      "name": "Erwan Corre"
    },
    {
      "@id": "#67ca9d02-2568-4bc9-ae04-f6373f10554c",
      "@type": "Person",
      "name": "Stéphanie Robin"
    },
    {
      "@id": "#b357742c-6155-451e-bb83-b16553a19027",
      "@type": "Person",
      "name": "Anthony Bretaudeau"
    },
    {
      "@id": "#b9656583-6842-47e6-8a10-f111c79b36c6",
      "@type": "Person",
      "name": "Alexandre Cormier"
    }
  ]
}