{
  "@context": "https://w3id.org/ro/crate/1.1/context",
  "@graph": [
    {
      "@id": "ro-crate-metadata.json",
      "@type": "CreativeWork",
      "about": {
        "@id": "./"
      },
      "conformsTo": [
        {
          "@id": "https://w3id.org/ro/crate/1.1"
        },
        {
          "@id": "https://about.workflowhub.eu/Workflow-RO-Crate/"
        }
      ]
    },
    {
      "@id": "./",
      "@type": "Dataset",
      "datePublished": "2023-11-17T00:50:41.435+00:00",
      "mainEntity": {
        "@id": "main_workflow.ga"
      }
    },
    {
      "@id": "main_workflow.ga",
      "@type": [
        "File",
        "SoftwareSourceCode",
        "ComputationalWorkflow"
      ],
      "author": [
        {
          "@id": "#acd84331-50f3-42fd-9422-26217558fa5a"
        },
        {
          "@id": "#8cfa5417-f876-4594-b082-a6fa1ec43868"
        },
        {
          "@id": "#e48881ad-9029-47ad-94eb-402b91e6d1a3"
        },
        {
          "@id": "#a3f4a4c6-ebcf-4f76-a567-5086980cb91b"
        }
      ],
      "license": {
        "@id": "https://spdx.org/licenses/GPL-3.0-or-later"
      },
      "name": "Genome Assembly using PacBio data",
      "version": 4,
      "programmingLanguage": {
        "@id": "https://w3id.org/workflowhub/workflow-ro-crate#galaxy"
      }
    },
    {
      "@id": "https://spdx.org/licenses/GPL-3.0-or-later",
      "@type": "CreativeWork",
      "name": "GPL-3.0-or-later"
    },
    {
      "@id": "https://w3id.org/workflowhub/workflow-ro-crate#galaxy",
      "@type": "ComputerLanguage",
      "identifier": {
        "@id": "https://galaxyproject.org/"
      },
      "name": "Galaxy",
      "url": {
        "@id": "https://galaxyproject.org/"
      },
      "version": "23.1"
    },
    {
      "@id": "#acd84331-50f3-42fd-9422-26217558fa5a",
      "@type": "Person",
      "name": "Erwan Corre"
    },
    {
      "@id": "#8cfa5417-f876-4594-b082-a6fa1ec43868",
      "@type": "Person",
      "name": "Stéphanie Robin"
    },
    {
      "@id": "#e48881ad-9029-47ad-94eb-402b91e6d1a3",
      "@type": "Person",
      "name": "Anthony Bretaudeau"
    },
    {
      "@id": "#a3f4a4c6-ebcf-4f76-a567-5086980cb91b",
      "@type": "Person",
      "name": "Alexandre Cormier"
    }
  ]
}