{
  "@context": "https://w3id.org/ro/crate/1.1/context",
  "@graph": [
    {
      "@id": "ro-crate-metadata.json",
      "@type": "CreativeWork",
      "about": {
        "@id": "./"
      },
      "conformsTo": [
        {
          "@id": "https://w3id.org/ro/crate/1.1"
        },
        {
          "@id": "https://about.workflowhub.eu/Workflow-RO-Crate/"
        }
      ]
    },
    {
      "@id": "./",
      "@type": "Dataset",
      "datePublished": "2023-11-30T00:58:25.816+00:00",
      "mainEntity": {
        "@id": "main_workflow.ga"
      }
    },
    {
      "@id": "main_workflow.ga",
      "@type": [
        "File",
        "SoftwareSourceCode",
        "ComputationalWorkflow"
      ],
      "author": [
        {
          "@id": "#3abde443-3d30-4697-b3ce-d52c4bdd2cb9"
        },
        {
          "@id": "#78ffbf60-1d75-46ed-b8e0-9c51e2a90837"
        },
        {
          "@id": "#a76fa7b9-5d6f-474f-aa25-bf87e057b980"
        },
        {
          "@id": "#394549a9-71a1-44b2-8fab-a7c96a9961ab"
        }
      ],
      "license": {
        "@id": "https://spdx.org/licenses/GPL-3.0-or-later"
      },
      "name": "Genome Assembly using PacBio data",
      "version": 4,
      "programmingLanguage": {
        "@id": "https://w3id.org/workflowhub/workflow-ro-crate#galaxy"
      }
    },
    {
      "@id": "https://spdx.org/licenses/GPL-3.0-or-later",
      "@type": "CreativeWork",
      "name": "GPL-3.0-or-later"
    },
    {
      "@id": "https://w3id.org/workflowhub/workflow-ro-crate#galaxy",
      "@type": "ComputerLanguage",
      "identifier": {
        "@id": "https://galaxyproject.org/"
      },
      "name": "Galaxy",
      "url": {
        "@id": "https://galaxyproject.org/"
      },
      "version": "23.1"
    },
    {
      "@id": "#3abde443-3d30-4697-b3ce-d52c4bdd2cb9",
      "@type": "Person",
      "name": "Erwan Corre"
    },
    {
      "@id": "#78ffbf60-1d75-46ed-b8e0-9c51e2a90837",
      "@type": "Person",
      "name": "Stéphanie Robin"
    },
    {
      "@id": "#a76fa7b9-5d6f-474f-aa25-bf87e057b980",
      "@type": "Person",
      "name": "Anthony Bretaudeau"
    },
    {
      "@id": "#394549a9-71a1-44b2-8fab-a7c96a9961ab",
      "@type": "Person",
      "name": "Alexandre Cormier"
    }
  ]
}