{
  "@context": "https://w3id.org/ro/crate/1.1/context",
  "@graph": [
    {
      "@id": "ro-crate-metadata.json",
      "@type": "CreativeWork",
      "about": {
        "@id": "./"
      },
      "conformsTo": [
        {
          "@id": "https://w3id.org/ro/crate/1.1"
        },
        {
          "@id": "https://about.workflowhub.eu/Workflow-RO-Crate/"
        }
      ]
    },
    {
      "@id": "./",
      "@type": "Dataset",
      "datePublished": "2023-12-06T00:51:46.754+00:00",
      "mainEntity": {
        "@id": "main_workflow.ga"
      }
    },
    {
      "@id": "main_workflow.ga",
      "@type": [
        "File",
        "SoftwareSourceCode",
        "ComputationalWorkflow"
      ],
      "author": [
        {
          "@id": "#a32ba61b-c46e-4bf6-a320-a8bd9c277553"
        },
        {
          "@id": "#3d933a70-28a0-4a89-b95c-31822f55e6b0"
        },
        {
          "@id": "#8c9949dc-c354-4603-9562-a730c2772775"
        },
        {
          "@id": "#0936845c-d8b2-4e10-b430-f5f12bd4f0f3"
        }
      ],
      "license": {
        "@id": "https://spdx.org/licenses/GPL-3.0-or-later"
      },
      "name": "Genome Assembly using PacBio data",
      "version": 4,
      "programmingLanguage": {
        "@id": "https://w3id.org/workflowhub/workflow-ro-crate#galaxy"
      }
    },
    {
      "@id": "https://spdx.org/licenses/GPL-3.0-or-later",
      "@type": "CreativeWork",
      "name": "GPL-3.0-or-later"
    },
    {
      "@id": "https://w3id.org/workflowhub/workflow-ro-crate#galaxy",
      "@type": "ComputerLanguage",
      "identifier": {
        "@id": "https://galaxyproject.org/"
      },
      "name": "Galaxy",
      "url": {
        "@id": "https://galaxyproject.org/"
      },
      "version": "23.1"
    },
    {
      "@id": "#a32ba61b-c46e-4bf6-a320-a8bd9c277553",
      "@type": "Person",
      "name": "Erwan Corre"
    },
    {
      "@id": "#3d933a70-28a0-4a89-b95c-31822f55e6b0",
      "@type": "Person",
      "name": "Stéphanie Robin"
    },
    {
      "@id": "#8c9949dc-c354-4603-9562-a730c2772775",
      "@type": "Person",
      "name": "Anthony Bretaudeau"
    },
    {
      "@id": "#0936845c-d8b2-4e10-b430-f5f12bd4f0f3",
      "@type": "Person",
      "name": "Alexandre Cormier"
    }
  ]
}