{
  "@context": "https://w3id.org/ro/crate/1.1/context",
  "@graph": [
    {
      "@id": "ro-crate-metadata.json",
      "@type": "CreativeWork",
      "about": {
        "@id": "./"
      },
      "conformsTo": [
        {
          "@id": "https://w3id.org/ro/crate/1.1"
        },
        {
          "@id": "https://about.workflowhub.eu/Workflow-RO-Crate/"
        }
      ]
    },
    {
      "@id": "./",
      "@type": "Dataset",
      "datePublished": "2023-11-26T00:53:32.024+00:00",
      "mainEntity": {
        "@id": "main_workflow.ga"
      }
    },
    {
      "@id": "main_workflow.ga",
      "@type": [
        "File",
        "SoftwareSourceCode",
        "ComputationalWorkflow"
      ],
      "author": [
        {
          "@id": "#98907209-cb72-4106-ae83-69e600d395be"
        },
        {
          "@id": "#e7fd7a91-702c-4516-981c-06c22e6c1aa9"
        },
        {
          "@id": "#58ff395f-8f48-43ae-85fc-5f0e9c88d188"
        },
        {
          "@id": "#7cb18e40-0c9f-4350-baa2-9cabacf747b2"
        }
      ],
      "license": {
        "@id": "https://spdx.org/licenses/GPL-3.0-or-later"
      },
      "name": "Genome Assembly using PacBio data",
      "version": 4,
      "programmingLanguage": {
        "@id": "https://w3id.org/workflowhub/workflow-ro-crate#galaxy"
      }
    },
    {
      "@id": "https://spdx.org/licenses/GPL-3.0-or-later",
      "@type": "CreativeWork",
      "name": "GPL-3.0-or-later"
    },
    {
      "@id": "https://w3id.org/workflowhub/workflow-ro-crate#galaxy",
      "@type": "ComputerLanguage",
      "identifier": {
        "@id": "https://galaxyproject.org/"
      },
      "name": "Galaxy",
      "url": {
        "@id": "https://galaxyproject.org/"
      },
      "version": "23.1"
    },
    {
      "@id": "#98907209-cb72-4106-ae83-69e600d395be",
      "@type": "Person",
      "name": "Erwan Corre"
    },
    {
      "@id": "#e7fd7a91-702c-4516-981c-06c22e6c1aa9",
      "@type": "Person",
      "name": "Stéphanie Robin"
    },
    {
      "@id": "#58ff395f-8f48-43ae-85fc-5f0e9c88d188",
      "@type": "Person",
      "name": "Anthony Bretaudeau"
    },
    {
      "@id": "#7cb18e40-0c9f-4350-baa2-9cabacf747b2",
      "@type": "Person",
      "name": "Alexandre Cormier"
    }
  ]
}