{
  "@context": "https://w3id.org/ro/crate/1.1/context",
  "@graph": [
    {
      "@id": "ro-crate-metadata.json",
      "@type": "CreativeWork",
      "about": {
        "@id": "./"
      },
      "conformsTo": [
        {
          "@id": "https://w3id.org/ro/crate/1.1"
        },
        {
          "@id": "https://about.workflowhub.eu/Workflow-RO-Crate/"
        }
      ]
    },
    {
      "@id": "./",
      "@type": "Dataset",
      "datePublished": "2023-11-19T00:54:21.721+00:00",
      "mainEntity": {
        "@id": "main_workflow.ga"
      }
    },
    {
      "@id": "main_workflow.ga",
      "@type": [
        "File",
        "SoftwareSourceCode",
        "ComputationalWorkflow"
      ],
      "author": [
        {
          "@id": "#37d3317d-d582-4b8d-adc9-c4525cbed4cd"
        },
        {
          "@id": "#7bfb8eaf-85fc-466d-baf4-3d98208ebe86"
        },
        {
          "@id": "#ee3adb0e-863e-4cc8-b885-3902b9716a55"
        },
        {
          "@id": "#64f6e3fa-3c8b-47dd-9685-62bebe0f2eba"
        }
      ],
      "license": {
        "@id": "https://spdx.org/licenses/GPL-3.0-or-later"
      },
      "name": "Genome Assembly using PacBio data",
      "version": 4,
      "programmingLanguage": {
        "@id": "https://w3id.org/workflowhub/workflow-ro-crate#galaxy"
      }
    },
    {
      "@id": "https://spdx.org/licenses/GPL-3.0-or-later",
      "@type": "CreativeWork",
      "name": "GPL-3.0-or-later"
    },
    {
      "@id": "https://w3id.org/workflowhub/workflow-ro-crate#galaxy",
      "@type": "ComputerLanguage",
      "identifier": {
        "@id": "https://galaxyproject.org/"
      },
      "name": "Galaxy",
      "url": {
        "@id": "https://galaxyproject.org/"
      },
      "version": "23.1"
    },
    {
      "@id": "#37d3317d-d582-4b8d-adc9-c4525cbed4cd",
      "@type": "Person",
      "name": "Erwan Corre"
    },
    {
      "@id": "#7bfb8eaf-85fc-466d-baf4-3d98208ebe86",
      "@type": "Person",
      "name": "Stéphanie Robin"
    },
    {
      "@id": "#ee3adb0e-863e-4cc8-b885-3902b9716a55",
      "@type": "Person",
      "name": "Anthony Bretaudeau"
    },
    {
      "@id": "#64f6e3fa-3c8b-47dd-9685-62bebe0f2eba",
      "@type": "Person",
      "name": "Alexandre Cormier"
    }
  ]
}