{
  "@context": "https://w3id.org/ro/crate/1.1/context",
  "@graph": [
    {
      "@id": "ro-crate-metadata.json",
      "@type": "CreativeWork",
      "about": {
        "@id": "./"
      },
      "conformsTo": [
        {
          "@id": "https://w3id.org/ro/crate/1.1"
        },
        {
          "@id": "https://about.workflowhub.eu/Workflow-RO-Crate/"
        }
      ]
    },
    {
      "@id": "./",
      "@type": "Dataset",
      "datePublished": "2023-11-25T00:47:37.001+00:00",
      "mainEntity": {
        "@id": "main_workflow.ga"
      }
    },
    {
      "@id": "main_workflow.ga",
      "@type": [
        "File",
        "SoftwareSourceCode",
        "ComputationalWorkflow"
      ],
      "author": [
        {
          "@id": "#48abb02a-312d-4aeb-b12c-a984d13252d4"
        },
        {
          "@id": "#66c2748e-0146-4392-bfe6-448a36032396"
        },
        {
          "@id": "#4d338643-3087-48ba-b253-5462aba3a226"
        },
        {
          "@id": "#a1d1d4cf-de0d-42e1-8a46-f553d7be1337"
        }
      ],
      "license": {
        "@id": "https://spdx.org/licenses/GPL-3.0-or-later"
      },
      "name": "Genome Assembly using PacBio data",
      "version": 4,
      "programmingLanguage": {
        "@id": "https://w3id.org/workflowhub/workflow-ro-crate#galaxy"
      }
    },
    {
      "@id": "https://spdx.org/licenses/GPL-3.0-or-later",
      "@type": "CreativeWork",
      "name": "GPL-3.0-or-later"
    },
    {
      "@id": "https://w3id.org/workflowhub/workflow-ro-crate#galaxy",
      "@type": "ComputerLanguage",
      "identifier": {
        "@id": "https://galaxyproject.org/"
      },
      "name": "Galaxy",
      "url": {
        "@id": "https://galaxyproject.org/"
      },
      "version": "23.1"
    },
    {
      "@id": "#48abb02a-312d-4aeb-b12c-a984d13252d4",
      "@type": "Person",
      "name": "Erwan Corre"
    },
    {
      "@id": "#66c2748e-0146-4392-bfe6-448a36032396",
      "@type": "Person",
      "name": "Stéphanie Robin"
    },
    {
      "@id": "#4d338643-3087-48ba-b253-5462aba3a226",
      "@type": "Person",
      "name": "Anthony Bretaudeau"
    },
    {
      "@id": "#a1d1d4cf-de0d-42e1-8a46-f553d7be1337",
      "@type": "Person",
      "name": "Alexandre Cormier"
    }
  ]
}