{
  "@context": "https://w3id.org/ro/crate/1.1/context",
  "@graph": [
    {
      "@id": "ro-crate-metadata.json",
      "@type": "CreativeWork",
      "about": {
        "@id": "./"
      },
      "conformsTo": [
        {
          "@id": "https://w3id.org/ro/crate/1.1"
        },
        {
          "@id": "https://about.workflowhub.eu/Workflow-RO-Crate/"
        }
      ]
    },
    {
      "@id": "./",
      "@type": "Dataset",
      "datePublished": "2023-12-02T00:49:54.684+00:00",
      "mainEntity": {
        "@id": "main_workflow.ga"
      }
    },
    {
      "@id": "main_workflow.ga",
      "@type": [
        "File",
        "SoftwareSourceCode",
        "ComputationalWorkflow"
      ],
      "author": [
        {
          "@id": "#813349d6-81cb-4cb1-a792-869707f685c4"
        },
        {
          "@id": "#7974c98e-ba32-4acf-aca4-f7a8a57ecd92"
        },
        {
          "@id": "#4d44ad53-88ca-47f5-a6c1-e26f771b33ae"
        },
        {
          "@id": "#c40a2e08-ca66-44df-8392-e078d152b183"
        },
        {
          "@id": "#73836809-d59a-4897-b7a7-cc602baf4f24"
        }
      ],
      "license": {
        "@id": "https://spdx.org/licenses/GPL-3.0-or-later"
      },
      "name": "Genome Assembly Quality Control",
      "version": 1,
      "programmingLanguage": {
        "@id": "https://w3id.org/workflowhub/workflow-ro-crate#galaxy"
      }
    },
    {
      "@id": "https://spdx.org/licenses/GPL-3.0-or-later",
      "@type": "CreativeWork",
      "name": "GPL-3.0-or-later"
    },
    {
      "@id": "https://w3id.org/workflowhub/workflow-ro-crate#galaxy",
      "@type": "ComputerLanguage",
      "identifier": {
        "@id": "https://galaxyproject.org/"
      },
      "name": "Galaxy",
      "url": {
        "@id": "https://galaxyproject.org/"
      },
      "version": "23.1"
    },
    {
      "@id": "#813349d6-81cb-4cb1-a792-869707f685c4",
      "@type": "Person",
      "name": "Erwan Corre"
    },
    {
      "@id": "#7974c98e-ba32-4acf-aca4-f7a8a57ecd92",
      "@type": "Person",
      "name": "Stéphanie Robin"
    },
    {
      "@id": "#4d44ad53-88ca-47f5-a6c1-e26f771b33ae",
      "@type": "Person",
      "name": "Anthony Bretaudeau"
    },
    {
      "@id": "#c40a2e08-ca66-44df-8392-e078d152b183",
      "@type": "Person",
      "name": "Alexandre Cormier"
    },
    {
      "@id": "#73836809-d59a-4897-b7a7-cc602baf4f24",
      "@type": "Person",
      "name": "Laura Leroi"
    }
  ]
}