{
  "@context": "https://w3id.org/ro/crate/1.1/context",
  "@graph": [
    {
      "@id": "ro-crate-metadata.json",
      "@type": "CreativeWork",
      "about": {
        "@id": "./"
      },
      "conformsTo": [
        {
          "@id": "https://w3id.org/ro/crate/1.1"
        },
        {
          "@id": "https://about.workflowhub.eu/Workflow-RO-Crate/"
        }
      ]
    },
    {
      "@id": "./",
      "@type": "Dataset",
      "datePublished": "2023-11-25T00:47:36.913+00:00",
      "mainEntity": {
        "@id": "main_workflow.ga"
      }
    },
    {
      "@id": "main_workflow.ga",
      "@type": [
        "File",
        "SoftwareSourceCode",
        "ComputationalWorkflow"
      ],
      "author": [
        {
          "@id": "#f98b0152-c1d8-4bac-9566-29c4c13cce32"
        },
        {
          "@id": "#ce9f9ebf-7352-4fb9-a2a8-92c57c6beb8b"
        },
        {
          "@id": "#eb7e939e-a233-4b56-aaeb-bc76b50a8965"
        },
        {
          "@id": "#8c1e6d67-3b24-4d64-b052-db55f82b52a2"
        },
        {
          "@id": "#fb4a4677-86fc-469d-83a2-7bb70f4ed38a"
        }
      ],
      "license": {
        "@id": "https://spdx.org/licenses/GPL-3.0-or-later"
      },
      "name": "Genome Assembly Quality Control",
      "version": 1,
      "programmingLanguage": {
        "@id": "https://w3id.org/workflowhub/workflow-ro-crate#galaxy"
      }
    },
    {
      "@id": "https://spdx.org/licenses/GPL-3.0-or-later",
      "@type": "CreativeWork",
      "name": "GPL-3.0-or-later"
    },
    {
      "@id": "https://w3id.org/workflowhub/workflow-ro-crate#galaxy",
      "@type": "ComputerLanguage",
      "identifier": {
        "@id": "https://galaxyproject.org/"
      },
      "name": "Galaxy",
      "url": {
        "@id": "https://galaxyproject.org/"
      },
      "version": "23.1"
    },
    {
      "@id": "#f98b0152-c1d8-4bac-9566-29c4c13cce32",
      "@type": "Person",
      "name": "Erwan Corre"
    },
    {
      "@id": "#ce9f9ebf-7352-4fb9-a2a8-92c57c6beb8b",
      "@type": "Person",
      "name": "Stéphanie Robin"
    },
    {
      "@id": "#eb7e939e-a233-4b56-aaeb-bc76b50a8965",
      "@type": "Person",
      "name": "Anthony Bretaudeau"
    },
    {
      "@id": "#8c1e6d67-3b24-4d64-b052-db55f82b52a2",
      "@type": "Person",
      "name": "Alexandre Cormier"
    },
    {
      "@id": "#fb4a4677-86fc-469d-83a2-7bb70f4ed38a",
      "@type": "Person",
      "name": "Laura Leroi"
    }
  ]
}