{
  "@context": "https://w3id.org/ro/crate/1.1/context",
  "@graph": [
    {
      "@id": "ro-crate-metadata.json",
      "@type": "CreativeWork",
      "about": {
        "@id": "./"
      },
      "conformsTo": [
        {
          "@id": "https://w3id.org/ro/crate/1.1"
        },
        {
          "@id": "https://about.workflowhub.eu/Workflow-RO-Crate/"
        }
      ]
    },
    {
      "@id": "./",
      "@type": "Dataset",
      "datePublished": "2023-11-24T00:48:53.194+00:00",
      "mainEntity": {
        "@id": "main_workflow.ga"
      }
    },
    {
      "@id": "main_workflow.ga",
      "@type": [
        "File",
        "SoftwareSourceCode",
        "ComputationalWorkflow"
      ],
      "author": [
        {
          "@id": "#01921374-9bcb-465e-bcd9-9282c547f107"
        },
        {
          "@id": "#4cb7ae0d-3142-499d-b126-0f990aebdd9e"
        },
        {
          "@id": "#fde38900-d93d-48a8-89a6-8ef12f2b88f5"
        },
        {
          "@id": "#a7321a10-439a-49cc-b0ed-5cccb992661f"
        },
        {
          "@id": "#ca9da083-b4a9-46e1-b863-fcd24d38af63"
        }
      ],
      "license": {
        "@id": "https://spdx.org/licenses/GPL-3.0-or-later"
      },
      "name": "Genome Assembly Quality Control",
      "version": 1,
      "programmingLanguage": {
        "@id": "https://w3id.org/workflowhub/workflow-ro-crate#galaxy"
      }
    },
    {
      "@id": "https://spdx.org/licenses/GPL-3.0-or-later",
      "@type": "CreativeWork",
      "name": "GPL-3.0-or-later"
    },
    {
      "@id": "https://w3id.org/workflowhub/workflow-ro-crate#galaxy",
      "@type": "ComputerLanguage",
      "identifier": {
        "@id": "https://galaxyproject.org/"
      },
      "name": "Galaxy",
      "url": {
        "@id": "https://galaxyproject.org/"
      },
      "version": "23.1"
    },
    {
      "@id": "#01921374-9bcb-465e-bcd9-9282c547f107",
      "@type": "Person",
      "name": "Erwan Corre"
    },
    {
      "@id": "#4cb7ae0d-3142-499d-b126-0f990aebdd9e",
      "@type": "Person",
      "name": "Stéphanie Robin"
    },
    {
      "@id": "#fde38900-d93d-48a8-89a6-8ef12f2b88f5",
      "@type": "Person",
      "name": "Anthony Bretaudeau"
    },
    {
      "@id": "#a7321a10-439a-49cc-b0ed-5cccb992661f",
      "@type": "Person",
      "name": "Alexandre Cormier"
    },
    {
      "@id": "#ca9da083-b4a9-46e1-b863-fcd24d38af63",
      "@type": "Person",
      "name": "Laura Leroi"
    }
  ]
}