{
  "@context": "https://w3id.org/ro/crate/1.1/context",
  "@graph": [
    {
      "@id": "ro-crate-metadata.json",
      "@type": "CreativeWork",
      "about": {
        "@id": "./"
      },
      "conformsTo": [
        {
          "@id": "https://w3id.org/ro/crate/1.1"
        },
        {
          "@id": "https://about.workflowhub.eu/Workflow-RO-Crate/"
        }
      ]
    },
    {
      "@id": "./",
      "@type": "Dataset",
      "datePublished": "2023-11-30T00:58:25.728+00:00",
      "mainEntity": {
        "@id": "main_workflow.ga"
      }
    },
    {
      "@id": "main_workflow.ga",
      "@type": [
        "File",
        "SoftwareSourceCode",
        "ComputationalWorkflow"
      ],
      "author": [
        {
          "@id": "#a1b04193-302f-4782-ad42-1fd19d93fc90"
        },
        {
          "@id": "#d43614db-5526-4de0-84a7-fe41e5bb49d8"
        },
        {
          "@id": "#a17bf6da-8518-4159-899e-6937529f32b4"
        },
        {
          "@id": "#5d136bc3-8868-4730-ba34-3888e2f2c750"
        },
        {
          "@id": "#fcd84d32-4c5a-4a25-adbf-e6e7305afe69"
        }
      ],
      "license": {
        "@id": "https://spdx.org/licenses/GPL-3.0-or-later"
      },
      "name": "Genome Assembly Quality Control",
      "version": 1,
      "programmingLanguage": {
        "@id": "https://w3id.org/workflowhub/workflow-ro-crate#galaxy"
      }
    },
    {
      "@id": "https://spdx.org/licenses/GPL-3.0-or-later",
      "@type": "CreativeWork",
      "name": "GPL-3.0-or-later"
    },
    {
      "@id": "https://w3id.org/workflowhub/workflow-ro-crate#galaxy",
      "@type": "ComputerLanguage",
      "identifier": {
        "@id": "https://galaxyproject.org/"
      },
      "name": "Galaxy",
      "url": {
        "@id": "https://galaxyproject.org/"
      },
      "version": "23.1"
    },
    {
      "@id": "#a1b04193-302f-4782-ad42-1fd19d93fc90",
      "@type": "Person",
      "name": "Erwan Corre"
    },
    {
      "@id": "#d43614db-5526-4de0-84a7-fe41e5bb49d8",
      "@type": "Person",
      "name": "Stéphanie Robin"
    },
    {
      "@id": "#a17bf6da-8518-4159-899e-6937529f32b4",
      "@type": "Person",
      "name": "Anthony Bretaudeau"
    },
    {
      "@id": "#5d136bc3-8868-4730-ba34-3888e2f2c750",
      "@type": "Person",
      "name": "Alexandre Cormier"
    },
    {
      "@id": "#fcd84d32-4c5a-4a25-adbf-e6e7305afe69",
      "@type": "Person",
      "name": "Laura Leroi"
    }
  ]
}