{
  "@context": "https://w3id.org/ro/crate/1.1/context",
  "@graph": [
    {
      "@id": "ro-crate-metadata.json",
      "@type": "CreativeWork",
      "about": {
        "@id": "./"
      },
      "conformsTo": [
        {
          "@id": "https://w3id.org/ro/crate/1.1"
        },
        {
          "@id": "https://about.workflowhub.eu/Workflow-RO-Crate/"
        }
      ]
    },
    {
      "@id": "./",
      "@type": "Dataset",
      "datePublished": "2023-12-04T00:51:40.937+00:00",
      "mainEntity": {
        "@id": "main_workflow.ga"
      }
    },
    {
      "@id": "main_workflow.ga",
      "@type": [
        "File",
        "SoftwareSourceCode",
        "ComputationalWorkflow"
      ],
      "author": [
        {
          "@id": "#8af08135-ace7-4db0-a18b-4708eb05eb5f"
        },
        {
          "@id": "#11f6d3ed-dec8-4510-9e95-33c32c2f1fe6"
        },
        {
          "@id": "#cd0b5e17-2680-49ff-9789-04a4e80c7618"
        },
        {
          "@id": "#dd2d96c4-20cd-4863-b00c-51de426a310d"
        },
        {
          "@id": "#568350b5-cf63-48da-8b8b-b16e81dac249"
        }
      ],
      "license": {
        "@id": "https://spdx.org/licenses/GPL-3.0-or-later"
      },
      "name": "Genome Assembly Quality Control",
      "version": 1,
      "programmingLanguage": {
        "@id": "https://w3id.org/workflowhub/workflow-ro-crate#galaxy"
      }
    },
    {
      "@id": "https://spdx.org/licenses/GPL-3.0-or-later",
      "@type": "CreativeWork",
      "name": "GPL-3.0-or-later"
    },
    {
      "@id": "https://w3id.org/workflowhub/workflow-ro-crate#galaxy",
      "@type": "ComputerLanguage",
      "identifier": {
        "@id": "https://galaxyproject.org/"
      },
      "name": "Galaxy",
      "url": {
        "@id": "https://galaxyproject.org/"
      },
      "version": "23.1"
    },
    {
      "@id": "#8af08135-ace7-4db0-a18b-4708eb05eb5f",
      "@type": "Person",
      "name": "Erwan Corre"
    },
    {
      "@id": "#11f6d3ed-dec8-4510-9e95-33c32c2f1fe6",
      "@type": "Person",
      "name": "Stéphanie Robin"
    },
    {
      "@id": "#cd0b5e17-2680-49ff-9789-04a4e80c7618",
      "@type": "Person",
      "name": "Anthony Bretaudeau"
    },
    {
      "@id": "#dd2d96c4-20cd-4863-b00c-51de426a310d",
      "@type": "Person",
      "name": "Alexandre Cormier"
    },
    {
      "@id": "#568350b5-cf63-48da-8b8b-b16e81dac249",
      "@type": "Person",
      "name": "Laura Leroi"
    }
  ]
}