{
  "@context": "https://w3id.org/ro/crate/1.1/context",
  "@graph": [
    {
      "@id": "ro-crate-metadata.json",
      "@type": "CreativeWork",
      "about": {
        "@id": "./"
      },
      "conformsTo": [
        {
          "@id": "https://w3id.org/ro/crate/1.1"
        },
        {
          "@id": "https://about.workflowhub.eu/Workflow-RO-Crate/"
        }
      ]
    },
    {
      "@id": "./",
      "@type": "Dataset",
      "datePublished": "2023-12-06T00:51:46.666+00:00",
      "mainEntity": {
        "@id": "main_workflow.ga"
      }
    },
    {
      "@id": "main_workflow.ga",
      "@type": [
        "File",
        "SoftwareSourceCode",
        "ComputationalWorkflow"
      ],
      "author": [
        {
          "@id": "#060ace2a-6fa0-495f-b857-8d6a841714d8"
        },
        {
          "@id": "#6a1e9316-1eda-4e29-a3a3-bcfa0e90e678"
        },
        {
          "@id": "#38cca89c-cfb5-4912-a5b8-c83acb736714"
        },
        {
          "@id": "#196fb165-92e0-452f-b328-af3dcedd1dea"
        },
        {
          "@id": "#6ce1038f-6946-4f58-82f9-35a38b7ff04d"
        }
      ],
      "license": {
        "@id": "https://spdx.org/licenses/GPL-3.0-or-later"
      },
      "name": "Genome Assembly Quality Control",
      "version": 1,
      "programmingLanguage": {
        "@id": "https://w3id.org/workflowhub/workflow-ro-crate#galaxy"
      }
    },
    {
      "@id": "https://spdx.org/licenses/GPL-3.0-or-later",
      "@type": "CreativeWork",
      "name": "GPL-3.0-or-later"
    },
    {
      "@id": "https://w3id.org/workflowhub/workflow-ro-crate#galaxy",
      "@type": "ComputerLanguage",
      "identifier": {
        "@id": "https://galaxyproject.org/"
      },
      "name": "Galaxy",
      "url": {
        "@id": "https://galaxyproject.org/"
      },
      "version": "23.1"
    },
    {
      "@id": "#060ace2a-6fa0-495f-b857-8d6a841714d8",
      "@type": "Person",
      "name": "Erwan Corre"
    },
    {
      "@id": "#6a1e9316-1eda-4e29-a3a3-bcfa0e90e678",
      "@type": "Person",
      "name": "Stéphanie Robin"
    },
    {
      "@id": "#38cca89c-cfb5-4912-a5b8-c83acb736714",
      "@type": "Person",
      "name": "Anthony Bretaudeau"
    },
    {
      "@id": "#196fb165-92e0-452f-b328-af3dcedd1dea",
      "@type": "Person",
      "name": "Alexandre Cormier"
    },
    {
      "@id": "#6ce1038f-6946-4f58-82f9-35a38b7ff04d",
      "@type": "Person",
      "name": "Laura Leroi"
    }
  ]
}