{
  "@context": "https://w3id.org/ro/crate/1.1/context",
  "@graph": [
    {
      "@id": "ro-crate-metadata.json",
      "@type": "CreativeWork",
      "about": {
        "@id": "./"
      },
      "conformsTo": [
        {
          "@id": "https://w3id.org/ro/crate/1.1"
        },
        {
          "@id": "https://about.workflowhub.eu/Workflow-RO-Crate/"
        }
      ]
    },
    {
      "@id": "./",
      "@type": "Dataset",
      "datePublished": "2023-12-03T00:53:45.109+00:00",
      "mainEntity": {
        "@id": "main_workflow.ga"
      }
    },
    {
      "@id": "main_workflow.ga",
      "@type": [
        "File",
        "SoftwareSourceCode",
        "ComputationalWorkflow"
      ],
      "author": [
        {
          "@id": "#db778d18-4d42-4a42-98c2-6dc33fc2b6cd"
        },
        {
          "@id": "#6e9f0a74-f781-4547-a479-015bed4ceccc"
        },
        {
          "@id": "#33e2730e-c81f-4aa1-bb43-6cea9ea32102"
        },
        {
          "@id": "#22ae2ed1-65c7-45a3-b1b0-5dc2d22e6953"
        },
        {
          "@id": "#aff08441-7c43-4340-9b6b-f6dabf017f1f"
        }
      ],
      "license": {
        "@id": "https://spdx.org/licenses/GPL-3.0-or-later"
      },
      "name": "Genome Assembly Quality Control",
      "version": 1,
      "programmingLanguage": {
        "@id": "https://w3id.org/workflowhub/workflow-ro-crate#galaxy"
      }
    },
    {
      "@id": "https://spdx.org/licenses/GPL-3.0-or-later",
      "@type": "CreativeWork",
      "name": "GPL-3.0-or-later"
    },
    {
      "@id": "https://w3id.org/workflowhub/workflow-ro-crate#galaxy",
      "@type": "ComputerLanguage",
      "identifier": {
        "@id": "https://galaxyproject.org/"
      },
      "name": "Galaxy",
      "url": {
        "@id": "https://galaxyproject.org/"
      },
      "version": "23.1"
    },
    {
      "@id": "#db778d18-4d42-4a42-98c2-6dc33fc2b6cd",
      "@type": "Person",
      "name": "Erwan Corre"
    },
    {
      "@id": "#6e9f0a74-f781-4547-a479-015bed4ceccc",
      "@type": "Person",
      "name": "Stéphanie Robin"
    },
    {
      "@id": "#33e2730e-c81f-4aa1-bb43-6cea9ea32102",
      "@type": "Person",
      "name": "Anthony Bretaudeau"
    },
    {
      "@id": "#22ae2ed1-65c7-45a3-b1b0-5dc2d22e6953",
      "@type": "Person",
      "name": "Alexandre Cormier"
    },
    {
      "@id": "#aff08441-7c43-4340-9b6b-f6dabf017f1f",
      "@type": "Person",
      "name": "Laura Leroi"
    }
  ]
}