{
  "@context": "https://w3id.org/ro/crate/1.1/context",
  "@graph": [
    {
      "@id": "ro-crate-metadata.json",
      "@type": "CreativeWork",
      "about": {
        "@id": "./"
      },
      "conformsTo": [
        {
          "@id": "https://w3id.org/ro/crate/1.1"
        },
        {
          "@id": "https://about.workflowhub.eu/Workflow-RO-Crate/"
        }
      ]
    },
    {
      "@id": "./",
      "@type": "Dataset",
      "datePublished": "2023-11-23T00:50:20.024+00:00",
      "mainEntity": {
        "@id": "main_workflow.ga"
      }
    },
    {
      "@id": "main_workflow.ga",
      "@type": [
        "File",
        "SoftwareSourceCode",
        "ComputationalWorkflow"
      ],
      "author": [
        {
          "@id": "#01682533-4ee8-4565-b4f5-386d2178bbcc"
        },
        {
          "@id": "#babd595c-362c-4ff6-a5c9-895ac6b52883"
        },
        {
          "@id": "#d151da56-7c4c-4bad-affe-d575b8185b0d"
        },
        {
          "@id": "#2afd6fe2-194a-47ce-8d6b-08994cd50aaa"
        },
        {
          "@id": "#2107a603-925f-4640-899f-27be871c1ae9"
        }
      ],
      "license": {
        "@id": "https://spdx.org/licenses/GPL-3.0-or-later"
      },
      "name": "Genome Assembly Quality Control",
      "version": 1,
      "programmingLanguage": {
        "@id": "https://w3id.org/workflowhub/workflow-ro-crate#galaxy"
      }
    },
    {
      "@id": "https://spdx.org/licenses/GPL-3.0-or-later",
      "@type": "CreativeWork",
      "name": "GPL-3.0-or-later"
    },
    {
      "@id": "https://w3id.org/workflowhub/workflow-ro-crate#galaxy",
      "@type": "ComputerLanguage",
      "identifier": {
        "@id": "https://galaxyproject.org/"
      },
      "name": "Galaxy",
      "url": {
        "@id": "https://galaxyproject.org/"
      },
      "version": "23.1"
    },
    {
      "@id": "#01682533-4ee8-4565-b4f5-386d2178bbcc",
      "@type": "Person",
      "name": "Erwan Corre"
    },
    {
      "@id": "#babd595c-362c-4ff6-a5c9-895ac6b52883",
      "@type": "Person",
      "name": "Stéphanie Robin"
    },
    {
      "@id": "#d151da56-7c4c-4bad-affe-d575b8185b0d",
      "@type": "Person",
      "name": "Anthony Bretaudeau"
    },
    {
      "@id": "#2afd6fe2-194a-47ce-8d6b-08994cd50aaa",
      "@type": "Person",
      "name": "Alexandre Cormier"
    },
    {
      "@id": "#2107a603-925f-4640-899f-27be871c1ae9",
      "@type": "Person",
      "name": "Laura Leroi"
    }
  ]
}