{
  "@context": "https://w3id.org/ro/crate/1.1/context",
  "@graph": [
    {
      "@id": "ro-crate-metadata.json",
      "@type": "CreativeWork",
      "about": {
        "@id": "./"
      },
      "conformsTo": [
        {
          "@id": "https://w3id.org/ro/crate/1.1"
        },
        {
          "@id": "https://about.workflowhub.eu/Workflow-RO-Crate/"
        }
      ]
    },
    {
      "@id": "./",
      "@type": "Dataset",
      "datePublished": "2023-11-26T00:53:31.936+00:00",
      "mainEntity": {
        "@id": "main_workflow.ga"
      }
    },
    {
      "@id": "main_workflow.ga",
      "@type": [
        "File",
        "SoftwareSourceCode",
        "ComputationalWorkflow"
      ],
      "author": [
        {
          "@id": "#65ce6e6c-bc7e-4c0a-9869-597f45999cb7"
        },
        {
          "@id": "#dfaa72ef-97c2-4cdb-b205-ff0799036639"
        },
        {
          "@id": "#d477c7f8-312a-4f00-bebf-e7fc234f9445"
        },
        {
          "@id": "#8a64b009-c970-4db8-be37-8fd27e2d70c3"
        },
        {
          "@id": "#ed47a5d5-5bee-419e-8bbb-e9af6bddc4d6"
        }
      ],
      "license": {
        "@id": "https://spdx.org/licenses/GPL-3.0-or-later"
      },
      "name": "Genome Assembly Quality Control",
      "version": 1,
      "programmingLanguage": {
        "@id": "https://w3id.org/workflowhub/workflow-ro-crate#galaxy"
      }
    },
    {
      "@id": "https://spdx.org/licenses/GPL-3.0-or-later",
      "@type": "CreativeWork",
      "name": "GPL-3.0-or-later"
    },
    {
      "@id": "https://w3id.org/workflowhub/workflow-ro-crate#galaxy",
      "@type": "ComputerLanguage",
      "identifier": {
        "@id": "https://galaxyproject.org/"
      },
      "name": "Galaxy",
      "url": {
        "@id": "https://galaxyproject.org/"
      },
      "version": "23.1"
    },
    {
      "@id": "#65ce6e6c-bc7e-4c0a-9869-597f45999cb7",
      "@type": "Person",
      "name": "Erwan Corre"
    },
    {
      "@id": "#dfaa72ef-97c2-4cdb-b205-ff0799036639",
      "@type": "Person",
      "name": "Stéphanie Robin"
    },
    {
      "@id": "#d477c7f8-312a-4f00-bebf-e7fc234f9445",
      "@type": "Person",
      "name": "Anthony Bretaudeau"
    },
    {
      "@id": "#8a64b009-c970-4db8-be37-8fd27e2d70c3",
      "@type": "Person",
      "name": "Alexandre Cormier"
    },
    {
      "@id": "#ed47a5d5-5bee-419e-8bbb-e9af6bddc4d6",
      "@type": "Person",
      "name": "Laura Leroi"
    }
  ]
}