{
  "@context": "https://w3id.org/ro/crate/1.1/context",
  "@graph": [
    {
      "@id": "ro-crate-metadata.json",
      "@type": "CreativeWork",
      "about": {
        "@id": "./"
      },
      "conformsTo": [
        {
          "@id": "https://w3id.org/ro/crate/1.1"
        },
        {
          "@id": "https://about.workflowhub.eu/Workflow-RO-Crate/"
        }
      ]
    },
    {
      "@id": "./",
      "@type": "Dataset",
      "datePublished": "2023-11-22T00:52:48.623+00:00",
      "mainEntity": {
        "@id": "main_workflow.ga"
      }
    },
    {
      "@id": "main_workflow.ga",
      "@type": [
        "File",
        "SoftwareSourceCode",
        "ComputationalWorkflow"
      ],
      "author": [
        {
          "@id": "#cdc3dec0-fd67-48c4-bb73-896c38c37cd5"
        },
        {
          "@id": "#a680ee3d-6df5-436a-ba97-902bd51a1db9"
        },
        {
          "@id": "#68d27a00-6c1c-4492-812b-353d30f34f16"
        },
        {
          "@id": "#39d8491a-3ae8-4856-8f7c-93f0b80b3f09"
        },
        {
          "@id": "#ec9e317f-e016-48cd-84d8-00c820a85217"
        }
      ],
      "license": {
        "@id": "https://spdx.org/licenses/GPL-3.0-or-later"
      },
      "name": "Genome Assembly Quality Control",
      "version": 1,
      "programmingLanguage": {
        "@id": "https://w3id.org/workflowhub/workflow-ro-crate#galaxy"
      }
    },
    {
      "@id": "https://spdx.org/licenses/GPL-3.0-or-later",
      "@type": "CreativeWork",
      "name": "GPL-3.0-or-later"
    },
    {
      "@id": "https://w3id.org/workflowhub/workflow-ro-crate#galaxy",
      "@type": "ComputerLanguage",
      "identifier": {
        "@id": "https://galaxyproject.org/"
      },
      "name": "Galaxy",
      "url": {
        "@id": "https://galaxyproject.org/"
      },
      "version": "23.1"
    },
    {
      "@id": "#cdc3dec0-fd67-48c4-bb73-896c38c37cd5",
      "@type": "Person",
      "name": "Erwan Corre"
    },
    {
      "@id": "#a680ee3d-6df5-436a-ba97-902bd51a1db9",
      "@type": "Person",
      "name": "Stéphanie Robin"
    },
    {
      "@id": "#68d27a00-6c1c-4492-812b-353d30f34f16",
      "@type": "Person",
      "name": "Anthony Bretaudeau"
    },
    {
      "@id": "#39d8491a-3ae8-4856-8f7c-93f0b80b3f09",
      "@type": "Person",
      "name": "Alexandre Cormier"
    },
    {
      "@id": "#ec9e317f-e016-48cd-84d8-00c820a85217",
      "@type": "Person",
      "name": "Laura Leroi"
    }
  ]
}