{
  "@context": "https://w3id.org/ro/crate/1.1/context",
  "@graph": [
    {
      "@id": "ro-crate-metadata.json",
      "@type": "CreativeWork",
      "about": {
        "@id": "./"
      },
      "conformsTo": [
        {
          "@id": "https://w3id.org/ro/crate/1.1"
        },
        {
          "@id": "https://about.workflowhub.eu/Workflow-RO-Crate/"
        }
      ]
    },
    {
      "@id": "./",
      "@type": "Dataset",
      "datePublished": "2023-11-29T00:51:05.188+00:00",
      "mainEntity": {
        "@id": "main_workflow.ga"
      }
    },
    {
      "@id": "main_workflow.ga",
      "@type": [
        "File",
        "SoftwareSourceCode",
        "ComputationalWorkflow"
      ],
      "author": [
        {
          "@id": "#1d8fd4da-55bd-47e9-b916-40a9f32cf314"
        },
        {
          "@id": "#5d873ef3-e4ca-4816-9beb-4997584bf9c1"
        },
        {
          "@id": "#20be8a06-0809-45ef-94a5-6990adbeeaab"
        },
        {
          "@id": "#8d561080-6621-4b9b-8aac-d762b7e6d333"
        },
        {
          "@id": "#5dd1f4a6-fc58-4719-b396-86b64ef38236"
        }
      ],
      "license": {
        "@id": "https://spdx.org/licenses/GPL-3.0-or-later"
      },
      "name": "Genome Assembly Quality Control",
      "version": 1,
      "programmingLanguage": {
        "@id": "https://w3id.org/workflowhub/workflow-ro-crate#galaxy"
      }
    },
    {
      "@id": "https://spdx.org/licenses/GPL-3.0-or-later",
      "@type": "CreativeWork",
      "name": "GPL-3.0-or-later"
    },
    {
      "@id": "https://w3id.org/workflowhub/workflow-ro-crate#galaxy",
      "@type": "ComputerLanguage",
      "identifier": {
        "@id": "https://galaxyproject.org/"
      },
      "name": "Galaxy",
      "url": {
        "@id": "https://galaxyproject.org/"
      },
      "version": "23.1"
    },
    {
      "@id": "#1d8fd4da-55bd-47e9-b916-40a9f32cf314",
      "@type": "Person",
      "name": "Erwan Corre"
    },
    {
      "@id": "#5d873ef3-e4ca-4816-9beb-4997584bf9c1",
      "@type": "Person",
      "name": "Stéphanie Robin"
    },
    {
      "@id": "#20be8a06-0809-45ef-94a5-6990adbeeaab",
      "@type": "Person",
      "name": "Anthony Bretaudeau"
    },
    {
      "@id": "#8d561080-6621-4b9b-8aac-d762b7e6d333",
      "@type": "Person",
      "name": "Alexandre Cormier"
    },
    {
      "@id": "#5dd1f4a6-fc58-4719-b396-86b64ef38236",
      "@type": "Person",
      "name": "Laura Leroi"
    }
  ]
}