{
  "@context": "https://w3id.org/ro/crate/1.1/context",
  "@graph": [
    {
      "@id": "ro-crate-metadata.json",
      "@type": "CreativeWork",
      "about": {
        "@id": "./"
      },
      "conformsTo": [
        {
          "@id": "https://w3id.org/ro/crate/1.1"
        },
        {
          "@id": "https://about.workflowhub.eu/Workflow-RO-Crate/"
        }
      ]
    },
    {
      "@id": "./",
      "@type": "Dataset",
      "datePublished": "2023-11-19T00:54:21.633+00:00",
      "mainEntity": {
        "@id": "main_workflow.ga"
      }
    },
    {
      "@id": "main_workflow.ga",
      "@type": [
        "File",
        "SoftwareSourceCode",
        "ComputationalWorkflow"
      ],
      "author": [
        {
          "@id": "#76db3844-3c69-4e4f-83d4-1a7652a377ae"
        },
        {
          "@id": "#f656ba24-9d42-4139-aca9-a58755b85098"
        },
        {
          "@id": "#81661081-c9c1-4d03-b822-d8b78027d291"
        },
        {
          "@id": "#1f60af09-a6b4-4049-a7cf-8918012f681c"
        },
        {
          "@id": "#eddcf7bc-d39e-4a16-8207-0c1150454fa3"
        }
      ],
      "license": {
        "@id": "https://spdx.org/licenses/GPL-3.0-or-later"
      },
      "name": "Genome Assembly Quality Control",
      "version": 1,
      "programmingLanguage": {
        "@id": "https://w3id.org/workflowhub/workflow-ro-crate#galaxy"
      }
    },
    {
      "@id": "https://spdx.org/licenses/GPL-3.0-or-later",
      "@type": "CreativeWork",
      "name": "GPL-3.0-or-later"
    },
    {
      "@id": "https://w3id.org/workflowhub/workflow-ro-crate#galaxy",
      "@type": "ComputerLanguage",
      "identifier": {
        "@id": "https://galaxyproject.org/"
      },
      "name": "Galaxy",
      "url": {
        "@id": "https://galaxyproject.org/"
      },
      "version": "23.1"
    },
    {
      "@id": "#76db3844-3c69-4e4f-83d4-1a7652a377ae",
      "@type": "Person",
      "name": "Erwan Corre"
    },
    {
      "@id": "#f656ba24-9d42-4139-aca9-a58755b85098",
      "@type": "Person",
      "name": "Stéphanie Robin"
    },
    {
      "@id": "#81661081-c9c1-4d03-b822-d8b78027d291",
      "@type": "Person",
      "name": "Anthony Bretaudeau"
    },
    {
      "@id": "#1f60af09-a6b4-4049-a7cf-8918012f681c",
      "@type": "Person",
      "name": "Alexandre Cormier"
    },
    {
      "@id": "#eddcf7bc-d39e-4a16-8207-0c1150454fa3",
      "@type": "Person",
      "name": "Laura Leroi"
    }
  ]
}