{
  "@context": "https://w3id.org/ro/crate/1.1/context",
  "@graph": [
    {
      "@id": "ro-crate-metadata.json",
      "@type": "CreativeWork",
      "about": {
        "@id": "./"
      },
      "conformsTo": [
        {
          "@id": "https://w3id.org/ro/crate/1.1"
        },
        {
          "@id": "https://about.workflowhub.eu/Workflow-RO-Crate/"
        }
      ]
    },
    {
      "@id": "./",
      "@type": "Dataset",
      "datePublished": "2023-11-28T00:52:00.233+00:00",
      "mainEntity": {
        "@id": "main_workflow.ga"
      }
    },
    {
      "@id": "main_workflow.ga",
      "@type": [
        "File",
        "SoftwareSourceCode",
        "ComputationalWorkflow"
      ],
      "author": [
        {
          "@id": "#d2a2f31e-6684-4700-b7bd-cc8e137c9c45"
        },
        {
          "@id": "#afd3b05b-df7c-458f-9bf7-76521185c3be"
        },
        {
          "@id": "#d333a9df-5d6f-4967-adcc-c645e5f518ca"
        },
        {
          "@id": "#20555e6c-9218-42a5-aa32-f9cbdcfb5e8b"
        },
        {
          "@id": "#b8eca318-c05b-4839-9312-0c2dc1501e35"
        }
      ],
      "license": {
        "@id": "https://spdx.org/licenses/GPL-3.0-or-later"
      },
      "name": "Genome Assembly Quality Control",
      "version": 1,
      "programmingLanguage": {
        "@id": "https://w3id.org/workflowhub/workflow-ro-crate#galaxy"
      }
    },
    {
      "@id": "https://spdx.org/licenses/GPL-3.0-or-later",
      "@type": "CreativeWork",
      "name": "GPL-3.0-or-later"
    },
    {
      "@id": "https://w3id.org/workflowhub/workflow-ro-crate#galaxy",
      "@type": "ComputerLanguage",
      "identifier": {
        "@id": "https://galaxyproject.org/"
      },
      "name": "Galaxy",
      "url": {
        "@id": "https://galaxyproject.org/"
      },
      "version": "23.1"
    },
    {
      "@id": "#d2a2f31e-6684-4700-b7bd-cc8e137c9c45",
      "@type": "Person",
      "name": "Erwan Corre"
    },
    {
      "@id": "#afd3b05b-df7c-458f-9bf7-76521185c3be",
      "@type": "Person",
      "name": "Stéphanie Robin"
    },
    {
      "@id": "#d333a9df-5d6f-4967-adcc-c645e5f518ca",
      "@type": "Person",
      "name": "Anthony Bretaudeau"
    },
    {
      "@id": "#20555e6c-9218-42a5-aa32-f9cbdcfb5e8b",
      "@type": "Person",
      "name": "Alexandre Cormier"
    },
    {
      "@id": "#b8eca318-c05b-4839-9312-0c2dc1501e35",
      "@type": "Person",
      "name": "Laura Leroi"
    }
  ]
}