{
  "@context": "https://w3id.org/ro/crate/1.1/context",
  "@graph": [
    {
      "@id": "ro-crate-metadata.json",
      "@type": "CreativeWork",
      "about": {
        "@id": "./"
      },
      "conformsTo": [
        {
          "@id": "https://w3id.org/ro/crate/1.1"
        },
        {
          "@id": "https://about.workflowhub.eu/Workflow-RO-Crate/"
        }
      ]
    },
    {
      "@id": "./",
      "@type": "Dataset",
      "datePublished": "2023-12-01T00:55:26.047+00:00",
      "mainEntity": {
        "@id": "main_workflow.ga"
      }
    },
    {
      "@id": "main_workflow.ga",
      "@type": [
        "File",
        "SoftwareSourceCode",
        "ComputationalWorkflow"
      ],
      "author": [
        {
          "@id": "#5524fbcd-8820-474e-a67a-83b101915ca0"
        },
        {
          "@id": "#f831aecb-bc90-4fab-9647-9e1ab0dd8a4f"
        },
        {
          "@id": "#9ac1898a-ca45-4ec0-babe-b15cfcae338d"
        },
        {
          "@id": "#c3d5f7b9-fb25-415a-860c-5c9842c7d8e0"
        },
        {
          "@id": "#745030de-53e7-4b0a-8c28-e1c303529db2"
        }
      ],
      "license": {
        "@id": "https://spdx.org/licenses/GPL-3.0-or-later"
      },
      "name": "Genome Assembly Quality Control",
      "version": 1,
      "programmingLanguage": {
        "@id": "https://w3id.org/workflowhub/workflow-ro-crate#galaxy"
      }
    },
    {
      "@id": "https://spdx.org/licenses/GPL-3.0-or-later",
      "@type": "CreativeWork",
      "name": "GPL-3.0-or-later"
    },
    {
      "@id": "https://w3id.org/workflowhub/workflow-ro-crate#galaxy",
      "@type": "ComputerLanguage",
      "identifier": {
        "@id": "https://galaxyproject.org/"
      },
      "name": "Galaxy",
      "url": {
        "@id": "https://galaxyproject.org/"
      },
      "version": "23.1"
    },
    {
      "@id": "#5524fbcd-8820-474e-a67a-83b101915ca0",
      "@type": "Person",
      "name": "Erwan Corre"
    },
    {
      "@id": "#f831aecb-bc90-4fab-9647-9e1ab0dd8a4f",
      "@type": "Person",
      "name": "Stéphanie Robin"
    },
    {
      "@id": "#9ac1898a-ca45-4ec0-babe-b15cfcae338d",
      "@type": "Person",
      "name": "Anthony Bretaudeau"
    },
    {
      "@id": "#c3d5f7b9-fb25-415a-860c-5c9842c7d8e0",
      "@type": "Person",
      "name": "Alexandre Cormier"
    },
    {
      "@id": "#745030de-53e7-4b0a-8c28-e1c303529db2",
      "@type": "Person",
      "name": "Laura Leroi"
    }
  ]
}