{
  "@context": "https://w3id.org/ro/crate/1.1/context",
  "@graph": [
    {
      "@id": "ro-crate-metadata.json",
      "@type": "CreativeWork",
      "about": {
        "@id": "./"
      },
      "conformsTo": [
        {
          "@id": "https://w3id.org/ro/crate/1.1"
        },
        {
          "@id": "https://about.workflowhub.eu/Workflow-RO-Crate/"
        }
      ]
    },
    {
      "@id": "./",
      "@type": "Dataset",
      "datePublished": "2023-11-17T00:50:41.347+00:00",
      "mainEntity": {
        "@id": "main_workflow.ga"
      }
    },
    {
      "@id": "main_workflow.ga",
      "@type": [
        "File",
        "SoftwareSourceCode",
        "ComputationalWorkflow"
      ],
      "author": [
        {
          "@id": "#52687c27-2d88-440e-b353-3c4290063f9e"
        },
        {
          "@id": "#1406a4f4-c247-40ba-b402-594047f6f3f4"
        },
        {
          "@id": "#8a2d5973-de0b-4298-99f1-11d968733295"
        },
        {
          "@id": "#01a7babf-3ca7-4a00-aad7-dac51c773bbb"
        },
        {
          "@id": "#48577b7a-48a0-4dc6-ae28-e615a95e9d97"
        }
      ],
      "license": {
        "@id": "https://spdx.org/licenses/GPL-3.0-or-later"
      },
      "name": "Genome Assembly Quality Control",
      "version": 1,
      "programmingLanguage": {
        "@id": "https://w3id.org/workflowhub/workflow-ro-crate#galaxy"
      }
    },
    {
      "@id": "https://spdx.org/licenses/GPL-3.0-or-later",
      "@type": "CreativeWork",
      "name": "GPL-3.0-or-later"
    },
    {
      "@id": "https://w3id.org/workflowhub/workflow-ro-crate#galaxy",
      "@type": "ComputerLanguage",
      "identifier": {
        "@id": "https://galaxyproject.org/"
      },
      "name": "Galaxy",
      "url": {
        "@id": "https://galaxyproject.org/"
      },
      "version": "23.1"
    },
    {
      "@id": "#52687c27-2d88-440e-b353-3c4290063f9e",
      "@type": "Person",
      "name": "Erwan Corre"
    },
    {
      "@id": "#1406a4f4-c247-40ba-b402-594047f6f3f4",
      "@type": "Person",
      "name": "Stéphanie Robin"
    },
    {
      "@id": "#8a2d5973-de0b-4298-99f1-11d968733295",
      "@type": "Person",
      "name": "Anthony Bretaudeau"
    },
    {
      "@id": "#01a7babf-3ca7-4a00-aad7-dac51c773bbb",
      "@type": "Person",
      "name": "Alexandre Cormier"
    },
    {
      "@id": "#48577b7a-48a0-4dc6-ae28-e615a95e9d97",
      "@type": "Person",
      "name": "Laura Leroi"
    }
  ]
}