{
  "@context": "https://w3id.org/ro/crate/1.1/context",
  "@graph": [
    {
      "@id": "ro-crate-metadata.json",
      "@type": "CreativeWork",
      "about": {
        "@id": "./"
      },
      "conformsTo": [
        {
          "@id": "https://w3id.org/ro/crate/1.1"
        },
        {
          "@id": "https://about.workflowhub.eu/Workflow-RO-Crate/"
        }
      ]
    },
    {
      "@id": "./",
      "@type": "Dataset",
      "datePublished": "2023-11-21T00:51:46.061+00:00",
      "mainEntity": {
        "@id": "main_workflow.ga"
      }
    },
    {
      "@id": "main_workflow.ga",
      "@type": [
        "File",
        "SoftwareSourceCode",
        "ComputationalWorkflow"
      ],
      "author": [
        {
          "@id": "#21f1f99f-bd36-4832-9d01-c206eb541023"
        },
        {
          "@id": "#01422eed-7170-41ae-957f-14302e29b9f5"
        },
        {
          "@id": "#1ba1e770-ad75-4ea2-a66c-572c4057c224"
        },
        {
          "@id": "#cedb2a5b-6b71-4df1-bdac-faef83b66725"
        },
        {
          "@id": "#cacc5681-6d87-408f-af4d-63001357725c"
        }
      ],
      "license": {
        "@id": "https://spdx.org/licenses/GPL-3.0-or-later"
      },
      "name": "Genome Assembly Quality Control",
      "version": 1,
      "programmingLanguage": {
        "@id": "https://w3id.org/workflowhub/workflow-ro-crate#galaxy"
      }
    },
    {
      "@id": "https://spdx.org/licenses/GPL-3.0-or-later",
      "@type": "CreativeWork",
      "name": "GPL-3.0-or-later"
    },
    {
      "@id": "https://w3id.org/workflowhub/workflow-ro-crate#galaxy",
      "@type": "ComputerLanguage",
      "identifier": {
        "@id": "https://galaxyproject.org/"
      },
      "name": "Galaxy",
      "url": {
        "@id": "https://galaxyproject.org/"
      },
      "version": "23.1"
    },
    {
      "@id": "#21f1f99f-bd36-4832-9d01-c206eb541023",
      "@type": "Person",
      "name": "Erwan Corre"
    },
    {
      "@id": "#01422eed-7170-41ae-957f-14302e29b9f5",
      "@type": "Person",
      "name": "Stéphanie Robin"
    },
    {
      "@id": "#1ba1e770-ad75-4ea2-a66c-572c4057c224",
      "@type": "Person",
      "name": "Anthony Bretaudeau"
    },
    {
      "@id": "#cedb2a5b-6b71-4df1-bdac-faef83b66725",
      "@type": "Person",
      "name": "Alexandre Cormier"
    },
    {
      "@id": "#cacc5681-6d87-408f-af4d-63001357725c",
      "@type": "Person",
      "name": "Laura Leroi"
    }
  ]
}