{
  "@context": "https://w3id.org/ro/crate/1.1/context",
  "@graph": [
    {
      "@id": "ro-crate-metadata.json",
      "@type": "CreativeWork",
      "about": {
        "@id": "./"
      },
      "conformsTo": [
        {
          "@id": "https://w3id.org/ro/crate/1.1"
        },
        {
          "@id": "https://about.workflowhub.eu/Workflow-RO-Crate/"
        }
      ]
    },
    {
      "@id": "./",
      "@type": "Dataset",
      "datePublished": "2023-11-20T00:51:32.065+00:00",
      "mainEntity": {
        "@id": "main_workflow.ga"
      }
    },
    {
      "@id": "main_workflow.ga",
      "@type": [
        "File",
        "SoftwareSourceCode",
        "ComputationalWorkflow"
      ],
      "author": [
        {
          "@id": "#f7b31c75-d9d3-4185-aea7-de900bc3adee"
        },
        {
          "@id": "#a9366947-5bc7-4384-bf82-8dae89c1b845"
        },
        {
          "@id": "#ba2d5304-91d5-4e07-a673-1cd1cb6ec1f2"
        },
        {
          "@id": "#fddc726f-51f7-4ad2-88d1-ecd995285644"
        },
        {
          "@id": "#1735cf6c-6dbe-4232-8491-3795c360ca63"
        }
      ],
      "license": {
        "@id": "https://spdx.org/licenses/GPL-3.0-or-later"
      },
      "name": "Genome Assembly Quality Control",
      "version": 1,
      "programmingLanguage": {
        "@id": "https://w3id.org/workflowhub/workflow-ro-crate#galaxy"
      }
    },
    {
      "@id": "https://spdx.org/licenses/GPL-3.0-or-later",
      "@type": "CreativeWork",
      "name": "GPL-3.0-or-later"
    },
    {
      "@id": "https://w3id.org/workflowhub/workflow-ro-crate#galaxy",
      "@type": "ComputerLanguage",
      "identifier": {
        "@id": "https://galaxyproject.org/"
      },
      "name": "Galaxy",
      "url": {
        "@id": "https://galaxyproject.org/"
      },
      "version": "23.1"
    },
    {
      "@id": "#f7b31c75-d9d3-4185-aea7-de900bc3adee",
      "@type": "Person",
      "name": "Erwan Corre"
    },
    {
      "@id": "#a9366947-5bc7-4384-bf82-8dae89c1b845",
      "@type": "Person",
      "name": "Stéphanie Robin"
    },
    {
      "@id": "#ba2d5304-91d5-4e07-a673-1cd1cb6ec1f2",
      "@type": "Person",
      "name": "Anthony Bretaudeau"
    },
    {
      "@id": "#fddc726f-51f7-4ad2-88d1-ecd995285644",
      "@type": "Person",
      "name": "Alexandre Cormier"
    },
    {
      "@id": "#1735cf6c-6dbe-4232-8491-3795c360ca63",
      "@type": "Person",
      "name": "Laura Leroi"
    }
  ]
}