{
  "@context": "https://w3id.org/ro/crate/1.1/context",
  "@graph": [
    {
      "@id": "ro-crate-metadata.json",
      "@type": "CreativeWork",
      "about": {
        "@id": "./"
      },
      "conformsTo": [
        {
          "@id": "https://w3id.org/ro/crate/1.1"
        },
        {
          "@id": "https://about.workflowhub.eu/Workflow-RO-Crate/"
        }
      ]
    },
    {
      "@id": "./",
      "@type": "Dataset",
      "datePublished": "2023-11-27T00:52:13.255+00:00",
      "mainEntity": {
        "@id": "main_workflow.ga"
      }
    },
    {
      "@id": "main_workflow.ga",
      "@type": [
        "File",
        "SoftwareSourceCode",
        "ComputationalWorkflow"
      ],
      "author": [
        {
          "@id": "#eeb889bd-1e9a-4171-9d05-16c45ed0aea6"
        },
        {
          "@id": "#b5529293-9fc5-421b-b484-bb69f351fd6a"
        },
        {
          "@id": "#45397b76-66ba-41d9-aad5-a91c82d2859b"
        },
        {
          "@id": "#c806cc75-71a9-4286-bdae-69d6d03ab5f9"
        },
        {
          "@id": "#69624394-8490-4eec-bdc3-a8ad91aca056"
        }
      ],
      "license": {
        "@id": "https://spdx.org/licenses/GPL-3.0-or-later"
      },
      "name": "Genome Assembly Quality Control",
      "version": 1,
      "programmingLanguage": {
        "@id": "https://w3id.org/workflowhub/workflow-ro-crate#galaxy"
      }
    },
    {
      "@id": "https://spdx.org/licenses/GPL-3.0-or-later",
      "@type": "CreativeWork",
      "name": "GPL-3.0-or-later"
    },
    {
      "@id": "https://w3id.org/workflowhub/workflow-ro-crate#galaxy",
      "@type": "ComputerLanguage",
      "identifier": {
        "@id": "https://galaxyproject.org/"
      },
      "name": "Galaxy",
      "url": {
        "@id": "https://galaxyproject.org/"
      },
      "version": "23.1"
    },
    {
      "@id": "#eeb889bd-1e9a-4171-9d05-16c45ed0aea6",
      "@type": "Person",
      "name": "Erwan Corre"
    },
    {
      "@id": "#b5529293-9fc5-421b-b484-bb69f351fd6a",
      "@type": "Person",
      "name": "Stéphanie Robin"
    },
    {
      "@id": "#45397b76-66ba-41d9-aad5-a91c82d2859b",
      "@type": "Person",
      "name": "Anthony Bretaudeau"
    },
    {
      "@id": "#c806cc75-71a9-4286-bdae-69d6d03ab5f9",
      "@type": "Person",
      "name": "Alexandre Cormier"
    },
    {
      "@id": "#69624394-8490-4eec-bdc3-a8ad91aca056",
      "@type": "Person",
      "name": "Laura Leroi"
    }
  ]
}