{
  "@context": "https://w3id.org/ro/crate/1.1/context",
  "@graph": [
    {
      "@id": "ro-crate-metadata.json",
      "@type": "CreativeWork",
      "about": {
        "@id": "./"
      },
      "conformsTo": [
        {
          "@id": "https://w3id.org/ro/crate/1.1"
        },
        {
          "@id": "https://about.workflowhub.eu/Workflow-RO-Crate/"
        }
      ]
    },
    {
      "@id": "./",
      "@type": "Dataset",
      "datePublished": "2023-11-18T00:49:15.224+00:00",
      "mainEntity": {
        "@id": "main_workflow.ga"
      }
    },
    {
      "@id": "main_workflow.ga",
      "@type": [
        "File",
        "SoftwareSourceCode",
        "ComputationalWorkflow"
      ],
      "author": [
        {
          "@id": "#27147c4f-265f-4b94-a98c-f0c216ee9375"
        },
        {
          "@id": "#4407a953-cecb-4483-9d62-35543d20f1eb"
        },
        {
          "@id": "#3904bbb5-a811-4e81-bfb0-235939164ddb"
        },
        {
          "@id": "#d366e5ca-9114-4378-8522-a4ee2f51e00c"
        },
        {
          "@id": "#f1b4db6b-7cd1-4951-b64a-240e5b43bb53"
        }
      ],
      "license": {
        "@id": "https://spdx.org/licenses/GPL-3.0-or-later"
      },
      "name": "Genome Assembly Quality Control",
      "version": 1,
      "programmingLanguage": {
        "@id": "https://w3id.org/workflowhub/workflow-ro-crate#galaxy"
      }
    },
    {
      "@id": "https://spdx.org/licenses/GPL-3.0-or-later",
      "@type": "CreativeWork",
      "name": "GPL-3.0-or-later"
    },
    {
      "@id": "https://w3id.org/workflowhub/workflow-ro-crate#galaxy",
      "@type": "ComputerLanguage",
      "identifier": {
        "@id": "https://galaxyproject.org/"
      },
      "name": "Galaxy",
      "url": {
        "@id": "https://galaxyproject.org/"
      },
      "version": "23.1"
    },
    {
      "@id": "#27147c4f-265f-4b94-a98c-f0c216ee9375",
      "@type": "Person",
      "name": "Erwan Corre"
    },
    {
      "@id": "#4407a953-cecb-4483-9d62-35543d20f1eb",
      "@type": "Person",
      "name": "Stéphanie Robin"
    },
    {
      "@id": "#3904bbb5-a811-4e81-bfb0-235939164ddb",
      "@type": "Person",
      "name": "Anthony Bretaudeau"
    },
    {
      "@id": "#d366e5ca-9114-4378-8522-a4ee2f51e00c",
      "@type": "Person",
      "name": "Alexandre Cormier"
    },
    {
      "@id": "#f1b4db6b-7cd1-4951-b64a-240e5b43bb53",
      "@type": "Person",
      "name": "Laura Leroi"
    }
  ]
}