{
  "@context": "https://w3id.org/ro/crate/1.1/context",
  "@graph": [
    {
      "@id": "ro-crate-metadata.json",
      "@type": "CreativeWork",
      "about": {
        "@id": "./"
      },
      "conformsTo": [
        {
          "@id": "https://w3id.org/ro/crate/1.1"
        },
        {
          "@id": "https://about.workflowhub.eu/Workflow-RO-Crate/"
        }
      ]
    },
    {
      "@id": "./",
      "@type": "Dataset",
      "datePublished": "2023-12-05T00:51:52.154+00:00",
      "mainEntity": {
        "@id": "main_workflow.ga"
      }
    },
    {
      "@id": "main_workflow.ga",
      "@type": [
        "File",
        "SoftwareSourceCode",
        "ComputationalWorkflow"
      ],
      "author": [
        {
          "@id": "#10cee9e6-6ed3-4b92-a6ac-d6a2345d4b61"
        },
        {
          "@id": "#59125ab2-3626-4ffe-b849-3ec8afde5dc5"
        },
        {
          "@id": "#10a15c25-d2f7-47c6-8168-9959a9b2d993"
        },
        {
          "@id": "#2ad0f08e-a742-4521-ae56-1e78ed925d15"
        },
        {
          "@id": "#c07c665b-30cd-43de-a7d0-35ac66252640"
        }
      ],
      "license": {
        "@id": "https://spdx.org/licenses/GPL-3.0-or-later"
      },
      "name": "Genome Assembly Quality Control",
      "version": 1,
      "programmingLanguage": {
        "@id": "https://w3id.org/workflowhub/workflow-ro-crate#galaxy"
      }
    },
    {
      "@id": "https://spdx.org/licenses/GPL-3.0-or-later",
      "@type": "CreativeWork",
      "name": "GPL-3.0-or-later"
    },
    {
      "@id": "https://w3id.org/workflowhub/workflow-ro-crate#galaxy",
      "@type": "ComputerLanguage",
      "identifier": {
        "@id": "https://galaxyproject.org/"
      },
      "name": "Galaxy",
      "url": {
        "@id": "https://galaxyproject.org/"
      },
      "version": "23.1"
    },
    {
      "@id": "#10cee9e6-6ed3-4b92-a6ac-d6a2345d4b61",
      "@type": "Person",
      "name": "Erwan Corre"
    },
    {
      "@id": "#59125ab2-3626-4ffe-b849-3ec8afde5dc5",
      "@type": "Person",
      "name": "Stéphanie Robin"
    },
    {
      "@id": "#10a15c25-d2f7-47c6-8168-9959a9b2d993",
      "@type": "Person",
      "name": "Anthony Bretaudeau"
    },
    {
      "@id": "#2ad0f08e-a742-4521-ae56-1e78ed925d15",
      "@type": "Person",
      "name": "Alexandre Cormier"
    },
    {
      "@id": "#c07c665b-30cd-43de-a7d0-35ac66252640",
      "@type": "Person",
      "name": "Laura Leroi"
    }
  ]
}